        TIME,    TIDE,      OB,   SURGE,    BIAS,     TWL,SURGE90p,  TWL90p,SURGE10p,   TWL10p
202610021200,   0.799,9999.000,   0.800,9999.000,   1.599,   0.800,   1.599,   0.800,   1.599
202610021206,   0.805,9999.000,9999.000,9999.000,9999.000,9999.000,9999.000,9999.000,9999.000
202610021212,   0.811,9999.000,9999.000,9999.000,9999.000,9999.000,9999.000,9999.000,9999.000
202610021218,   0.816,9999.000,9999.000,9999.000,9999.000,9999.000,9999.000,9999.000,9999.000
202610021224,   0.822,9999.000,9999.000,9999.000,9999.000,9999.000,9999.000,9999.000,9999.000
202610021230,   0.828,9999.000,9999.000,9999.000,9999.000,9999.000,9999.000,9999.000,9999.000
202610021236,   0.834,9999.000,9999.000,9999.000,9999.000,9999.000,9999.000,9999.000,9999.000
202610021242,   0.839,9999.000,9999.000,9999.000,9999.000,9999.000,9999.000,9999.000,9999.000
202610021248,   0.845,9999.000,9999.000,9999.000,9999.000,9999.000,9999.000,9999.000,9999.000
202610021254,   0.851,9999.000,9999.000,9999.000,9999.000,9999.000,9999.000,9999.000,9999.000
202610021300,   0.856,   2.040,   0.800,   0.384,   2.040,   0.800,   2.040,   0.800,   2.040
202610021306,   0.862,   2.049,9999.000,9999.000,9999.000,9999.000,9999.000,9999.000,9999.000
202610021312,   0.867,   2.049,9999.000,9999.000,9999.000,9999.000,9999.000,9999.000,9999.000
202610021318,   0.873,   2.049,9999.000,9999.000,9999.000,9999.000,9999.000,9999.000,9999.000
202610021324,   0.878,   2.049,9999.000,9999.000,9999.000,9999.000,9999.000,9999.000,9999.000
202610021330,   0.884,   2.049,9999.000,9999.000,9999.000,9999.000,9999.000,9999.000,9999.000
202610021336,   0.889,   2.059,9999.000,9999.000,9999.000,9999.000,9999.000,9999.000,9999.000
202610021342,   0.894,   2.059,9999.000,9999.000,9999.000,9999.000,9999.000,9999.000,9999.000
202610021348,   0.899,   2.059,9999.000,9999.000,9999.000,9999.000,9999.000,9999.000,9999.000
202610021354,   0.905,   2.069,9999.000,9999.000,9999.000,9999.000,9999.000,9999.000,9999.000
202610021400,   0.910,   2.079,   0.800,   0.369,   2.079,   0.800,   2.079,   0.800,   2.079
202610021406,   0.914,   2.079,9999.000,9999.000,9999.000,9999.000,9999.000,9999.000,9999.000
202610021412,   0.919,   2.079,9999.000,9999.000,9999.000,9999.000,9999.000,9999.000,9999.000
202610021418,   0.924,   2.089,9999.000,9999.000,9999.000,9999.000,9999.000,9999.000,9999.000
202610021424,   0.929,   2.079,9999.000,9999.000,9999.000,9999.000,9999.000,9999.000,9999.000
202610021430,   0.933,   2.089,9999.000,9999.000,9999.000,9999.000,9999.000,9999.000,9999.000
202610021436,   0.938,   2.089,9999.000,9999.000,9999.000,9999.000,9999.000,9999.000,9999.000
202610021442,   0.942,   2.089,9999.000,9999.000,9999.000,9999.000,9999.000,9999.000,9999.000
202610021448,   0.946,   2.099,9999.000,9999.000,9999.000,9999.000,9999.000,9999.000,9999.000
202610021454,   0.950,   2.109,9999.000,9999.000,9999.000,9999.000,9999.000,9999.000,9999.000
202610021500,   0.954,   2.118,   0.800,   0.364,   2.118,   0.800,   2.118,   0.800,   2.118
202610021506,   0.958,   2.128,9999.000,9999.000,9999.000,9999.000,9999.000,9999.000,9999.000
202610021512,   0.961,   2.128,9999.000,9999.000,9999.000,9999.000,9999.000,9999.000,9999.000
202610021518,   0.964,   2.148,9999.000,9999.000,9999.000,9999.000,9999.000,9999.000,9999.000
202610021524,   0.968,   2.138,9999.000,9999.000,9999.000,9999.000,9999.000,9999.000,9999.000
202610021530,   0.971,   2.118,9999.000,9999.000,9999.000,9999.000,9999.000,9999.000,9999.000
202610021536,   0.974,   2.128,9999.000,9999.000,9999.000,9999.000,9999.000,9999.000,9999.000
202610021542,   0.976,   2.138,9999.000,9999.000,9999.000,9999.000,9999.000,9999.000,9999.000
202610021548,   0.979,   2.128,9999.000,9999.000,9999.000,9999.000,9999.000,9999.000,9999.000
202610021554,   0.981,   2.118,9999.000,9999.000,9999.000,9999.000,9999.000,9999.000,9999.000
202610021600,   0.983,   2.118,   0.800,   0.335,   2.118,   0.800,   2.118,   0.800,   2.118
202610021606,   0.985,   2.128,9999.000,9999.000,9999.000,9999.000,9999.000,9999.000,9999.000
202610021612,   0.987,   2.128,9999.000,9999.000,9999.000,9999.000,9999.000,9999.000,9999.000
202610021618,   0.989,   2.118,9999.000,9999.000,9999.000,9999.000,9999.000,9999.000,9999.000
202610021624,   0.990,   2.138,9999.000,9999.000,9999.000,9999.000,9999.000,9999.000,9999.000
202610021630,   0.992,   2.138,9999.000,9999.000,9999.000,9999.000,9999.000,9999.000,9999.000
202610021636,   0.993,   2.148,9999.000,9999.000,9999.000,9999.000,9999.000,9999.000,9999.000
202610021642,   0.994,   2.148,9999.000,9999.000,9999.000,9999.000,9999.000,9999.000,9999.000
202610021648,   0.995,   2.148,9999.000,9999.000,9999.000,9999.000,9999.000,9999.000,9999.000
202610021654,   0.995,   2.168,9999.000,9999.000,9999.000,9999.000,9999.000,9999.000,9999.000
202610021700,   0.996,   2.177,   0.800,   0.381,   2.177,   0.800,   2.177,   0.800,   2.177
202610021706,   0.996,   2.168,9999.000,9999.000,9999.000,9999.000,9999.000,9999.000,9999.000
202610021712,   0.996,   2.158,9999.000,9999.000,9999.000,9999.000,9999.000,9999.000,9999.000
202610021718,   0.996,   2.168,9999.000,9999.000,9999.000,9999.000,9999.000,9999.000,9999.000
202610021724,   0.996,   2.177,9999.000,9999.000,9999.000,9999.000,9999.000,9999.000,9999.000
202610021730,   0.995,   2.158,9999.000,9999.000,9999.000,9999.000,9999.000,9999.000,9999.000
202610021736,   0.995,   2.148,9999.000,9999.000,9999.000,9999.000,9999.000,9999.000,9999.000
202610021742,   0.994,   2.168,9999.000,9999.000,9999.000,9999.000,9999.000,9999.000,9999.000
202610021748,   0.993,   2.168,9999.000,9999.000,9999.000,9999.000,9999.000,9999.000,9999.000
202610021754,   0.993,   2.138,9999.000,9999.000,9999.000,9999.000,9999.000,9999.000,9999.000
202610021800,   0.991,   2.128,   0.800,   0.337,   2.128,   0.700,   2.028,   0.800,   2.128
202610021806,   0.990,   2.128,9999.000,9999.000,9999.000,9999.000,9999.000,9999.000,9999.000
202610021812,   0.989,   2.109,9999.000,9999.000,9999.000,9999.000,9999.000,9999.000,9999.000
202610021818,   0.987,   2.099,9999.000,9999.000,9999.000,9999.000,9999.000,9999.000,9999.000
202610021824,   0.986,   2.099,9999.000,9999.000,9999.000,9999.000,9999.000,9999.000,9999.000
202610021830,   0.984,   2.118,9999.000,9999.000,9999.000,9999.000,9999.000,9999.000,9999.000
202610021836,   0.982,   2.099,9999.000,9999.000,9999.000,9999.000,9999.000,9999.000,9999.000
202610021842,   0.980,   2.099,9999.000,9999.000,9999.000,9999.000,9999.000,9999.000,9999.000
202610021848,   0.978,   2.109,9999.000,9999.000,9999.000,9999.000,9999.000,9999.000,9999.000
202610021854,   0.975,   2.128,9999.000,9999.000,9999.000,9999.000,9999.000,9999.000,9999.000
202610021900,   0.973,   2.109,   0.800,   0.336,   2.109,   0.700,   2.009,   0.800,   2.109
202610021906,   0.970,   2.128,9999.000,9999.000,9999.000,9999.000,9999.000,9999.000,9999.000
202610021912,   0.967,   2.148,9999.000,9999.000,9999.000,9999.000,9999.000,9999.000,9999.000
202610021918,   0.965,   2.138,9999.000,9999.000,9999.000,9999.000,9999.000,9999.000,9999.000
202610021924,   0.962,   2.109,9999.000,9999.000,9999.000,9999.000,9999.000,9999.000,9999.000
202610021930,   0.959,   2.109,9999.000,9999.000,9999.000,9999.000,9999.000,9999.000,9999.000
202610021936,   0.955,   2.128,9999.000,9999.000,9999.000,9999.000,9999.000,9999.000,9999.000
202610021942,   0.952,   2.109,9999.000,9999.000,9999.000,9999.000,9999.000,9999.000,9999.000
202610021948,   0.948,   2.099,9999.000,9999.000,9999.000,9999.000,9999.000,9999.000,9999.000
202610021954,   0.945,   2.109,9999.000,9999.000,9999.000,9999.000,9999.000,9999.000,9999.000
202610022000,   0.941,   2.109,   0.800,   0.368,   2.109,   0.700,   2.009,   0.800,   2.109
202610022006,   0.937,   2.089,9999.000,9999.000,9999.000,9999.000,9999.000,9999.000,9999.000
202610022012,   0.933,   2.089,9999.000,9999.000,9999.000,9999.000,9999.000,9999.000,9999.000
202610022018,   0.929,   2.099,9999.000,9999.000,9999.000,9999.000,9999.000,9999.000,9999.000
202610022024,   0.925,   2.099,9999.000,9999.000,9999.000,9999.000,9999.000,9999.000,9999.000
202610022030,   0.921,   2.079,9999.000,9999.000,9999.000,9999.000,9999.000,9999.000,9999.000
202610022036,   0.916,   2.069,9999.000,9999.000,9999.000,9999.000,9999.000,9999.000,9999.000
202610022042,   0.911,   2.059,9999.000,9999.000,9999.000,9999.000,9999.000,9999.000,9999.000
202610022048,   0.907,   2.020,9999.000,9999.000,9999.000,9999.000,9999.000,9999.000,9999.000
202610022054,   0.902,   1.981,9999.000,9999.000,9999.000,9999.000,9999.000,9999.000,9999.000
202610022100,   0.897,   2.000,   0.800,   0.303,   2.000,   0.800,   2.000,   0.800,   2.000
202610022106,   0.892,   2.020,9999.000,9999.000,9999.000,9999.000,9999.000,9999.000,9999.000
202610022112,   0.887,   2.010,9999.000,9999.000,9999.000,9999.000,9999.000,9999.000,9999.000
202610022118,   0.881,   1.990,9999.000,9999.000,9999.000,9999.000,9999.000,9999.000,9999.000
202610022124,   0.876,   2.000,9999.000,9999.000,9999.000,9999.000,9999.000,9999.000,9999.000
202610022130,   0.870,   2.000,9999.000,9999.000,9999.000,9999.000,9999.000,9999.000,9999.000
202610022136,   0.865,   2.000,9999.000,9999.000,9999.000,9999.000,9999.000,9999.000,9999.000
202610022142,   0.859,   2.030,9999.000,9999.000,9999.000,9999.000,9999.000,9999.000,9999.000
202610022148,   0.853,   2.030,9999.000,9999.000,9999.000,9999.000,9999.000,9999.000,9999.000
202610022154,   0.847,   2.020,9999.000,9999.000,9999.000,9999.000,9999.000,9999.000,9999.000
202610022200,   0.841,   2.020,   0.800,   0.379,   2.020,   0.700,   1.920,   0.800,   2.020
202610022206,   0.835,   2.049,9999.000,9999.000,9999.000,9999.000,9999.000,9999.000,9999.000
202610022212,   0.829,   2.040,9999.000,9999.000,9999.000,9999.000,9999.000,9999.000,9999.000
202610022218,   0.823,   2.010,9999.000,9999.000,9999.000,9999.000,9999.000,9999.000,9999.000
202610022224,   0.817,   1.948,9999.000,9999.000,9999.000,9999.000,9999.000,9999.000,9999.000
202610022230,   0.810,   1.899,9999.000,9999.000,9999.000,9999.000,9999.000,9999.000,9999.000
202610022236,   0.804,   1.879,9999.000,9999.000,9999.000,9999.000,9999.000,9999.000,9999.000
202610022242,   0.797,   1.869,9999.000,9999.000,9999.000,9999.000,9999.000,9999.000,9999.000
202610022248,   0.791,   1.908,9999.000,9999.000,9999.000,9999.000,9999.000,9999.000,9999.000
202610022254,   0.784,   1.908,9999.000,9999.000,9999.000,9999.000,9999.000,9999.000,9999.000
202610022300,   0.778,   1.889,   0.800,   0.311,   1.889,   0.800,   1.889,   0.800,   1.889
202610022306,   0.771,   1.889,9999.000,9999.000,9999.000,9999.000,9999.000,9999.000,9999.000
202610022312,   0.765,   1.918,9999.000,9999.000,9999.000,9999.000,9999.000,9999.000,9999.000
202610022318,   0.758,   1.918,9999.000,9999.000,9999.000,9999.000,9999.000,9999.000,9999.000
202610022324,   0.752,   1.849,9999.000,9999.000,9999.000,9999.000,9999.000,9999.000,9999.000
202610022330,   0.745,   1.790,9999.000,9999.000,9999.000,9999.000,9999.000,9999.000,9999.000
202610022336,   0.739,   1.800,9999.000,9999.000,9999.000,9999.000,9999.000,9999.000,9999.000
202610022342,   0.732,   1.810,9999.000,9999.000,9999.000,9999.000,9999.000,9999.000,9999.000
202610022348,   0.726,   1.810,9999.000,9999.000,9999.000,9999.000,9999.000,9999.000,9999.000
202610022354,   0.719,   1.810,9999.000,9999.000,9999.000,9999.000,9999.000,9999.000,9999.000
202610030000,   0.713,   1.800,   0.800,   0.287,   1.800,   0.800,   1.800,   0.800,   1.800
202610030006,   0.707,   1.781,9999.000,9999.000,9999.000,9999.000,9999.000,9999.000,9999.000
202610030012,   0.700,   1.748,9999.000,9999.000,9999.000,9999.000,9999.000,9999.000,9999.000
202610030018,   0.694,   1.767,9999.000,9999.000,9999.000,9999.000,9999.000,9999.000,9999.000
202610030024,   0.688,   1.820,9999.000,9999.000,9999.000,9999.000,9999.000,9999.000,9999.000
202610030030,   0.682,   1.830,9999.000,9999.000,9999.000,9999.000,9999.000,9999.000,9999.000
202610030036,   0.675,   1.790,9999.000,9999.000,9999.000,9999.000,9999.000,9999.000,9999.000
202610030042,   0.669,   1.758,9999.000,9999.000,9999.000,9999.000,9999.000,9999.000,9999.000
202610030048,   0.663,   1.781,9999.000,9999.000,9999.000,9999.000,9999.000,9999.000,9999.000
202610030054,   0.657,   1.820,9999.000,9999.000,9999.000,9999.000,9999.000,9999.000,9999.000
202610030100,   0.652,   1.790,   0.800,   0.338,   1.790,   0.800,   1.790,   0.800,   1.790
202610030106,   0.646,   1.758,9999.000,9999.000,9999.000,9999.000,9999.000,9999.000,9999.000
202610030112,   0.640,   1.790,9999.000,9999.000,9999.000,9999.000,9999.000,9999.000,9999.000
202610030118,   0.634,   1.830,9999.000,9999.000,9999.000,9999.000,9999.000,9999.000,9999.000
202610030124,   0.629,   1.820,9999.000,9999.000,9999.000,9999.000,9999.000,9999.000,9999.000
202610030130,   0.623,   1.790,9999.000,9999.000,9999.000,9999.000,9999.000,9999.000,9999.000
202610030136,   0.618,   1.810,9999.000,9999.000,9999.000,9999.000,9999.000,9999.000,9999.000
202610030142,   0.612,   1.849,9999.000,9999.000,9999.000,9999.000,9999.000,9999.000,9999.000
202610030148,   0.607,   1.830,9999.000,9999.000,9999.000,9999.000,9999.000,9999.000,9999.000
202610030154,   0.602,   1.758,9999.000,9999.000,9999.000,9999.000,9999.000,9999.000,9999.000
202610030200,   0.596,   1.699,   0.800,   0.303,   1.699,   0.800,   1.699,   0.800,   1.699
202610030206,   0.591,   1.689,9999.000,9999.000,9999.000,9999.000,9999.000,9999.000,9999.000
202610030212,   0.586,   1.699,9999.000,9999.000,9999.000,9999.000,9999.000,9999.000,9999.000
202610030218,   0.581,   1.639,9999.000,9999.000,9999.000,9999.000,9999.000,9999.000,9999.000
202610030224,   0.576,   1.600,9999.000,9999.000,9999.000,9999.000,9999.000,9999.000,9999.000
202610030230,   0.571,   1.620,9999.000,9999.000,9999.000,9999.000,9999.000,9999.000,9999.000
202610030236,   0.567,   1.649,9999.000,9999.000,9999.000,9999.000,9999.000,9999.000,9999.000
202610030242,   0.562,   1.649,9999.000,9999.000,9999.000,9999.000,9999.000,9999.000,9999.000
202610030248,   0.557,   1.639,9999.000,9999.000,9999.000,9999.000,9999.000,9999.000,9999.000
202610030254,   0.553,   1.649,9999.000,9999.000,9999.000,9999.000,9999.000,9999.000,9999.000
202610030300,   0.548,   1.669,   0.800,   0.321,   1.669,   0.800,   1.669,   0.800,   1.669
202610030306,   0.544,   1.649,9999.000,9999.000,9999.000,9999.000,9999.000,9999.000,9999.000
202610030312,   0.540,   1.649,9999.000,9999.000,9999.000,9999.000,9999.000,9999.000,9999.000
202610030318,   0.535,   1.689,9999.000,9999.000,9999.000,9999.000,9999.000,9999.000,9999.000
202610030324,   0.531,   1.728,9999.000,9999.000,9999.000,9999.000,9999.000,9999.000,9999.000
202610030330,   0.527,   1.708,9999.000,9999.000,9999.000,9999.000,9999.000,9999.000,9999.000
202610030336,   0.523,   1.689,9999.000,9999.000,9999.000,9999.000,9999.000,9999.000,9999.000
202610030342,   0.519,   1.689,9999.000,9999.000,9999.000,9999.000,9999.000,9999.000,9999.000
202610030348,   0.515,   1.669,9999.000,9999.000,9999.000,9999.000,9999.000,9999.000,9999.000
202610030354,   0.512,   1.669,9999.000,9999.000,9999.000,9999.000,9999.000,9999.000,9999.000
202610030400,   0.508,   1.669,   0.800,   0.361,   1.669,   0.800,   1.669,   0.800,   1.669
202610030406,   0.505,   1.699,9999.000,9999.000,9999.000,9999.000,9999.000,9999.000,9999.000
202610030412,   0.502,   1.699,9999.000,9999.000,9999.000,9999.000,9999.000,9999.000,9999.000
202610030418,   0.498,   1.679,9999.000,9999.000,9999.000,9999.000,9999.000,9999.000,9999.000
202610030424,   0.495,   1.639,9999.000,9999.000,9999.000,9999.000,9999.000,9999.000,9999.000
202610030430,   0.493,   1.590,9999.000,9999.000,9999.000,9999.000,9999.000,9999.000,9999.000
202610030436,   0.490,   1.557,9999.000,9999.000,9999.000,9999.000,9999.000,9999.000,9999.000
202610030442,   0.487,   1.571,9999.000,9999.000,9999.000,9999.000,9999.000,9999.000,9999.000
202610030448,   0.485,   1.580,9999.000,9999.000,9999.000,9999.000,9999.000,9999.000,9999.000
202610030454,   0.483,   1.571,9999.000,9999.000,9999.000,9999.000,9999.000,9999.000,9999.000
202610030500,   0.480,   1.590,   0.800,   0.310,   1.590,   0.800,   1.590,   0.800,   1.590
202610030506,   0.479,   1.610,9999.000,9999.000,9999.000,9999.000,9999.000,9999.000,9999.000
202610030512,   0.477,   1.620,9999.000,9999.000,9999.000,9999.000,9999.000,9999.000,9999.000
202610030518,   0.475,   1.600,9999.000,9999.000,9999.000,9999.000,9999.000,9999.000,9999.000
202610030524,   0.474,   1.600,9999.000,9999.000,9999.000,9999.000,9999.000,9999.000,9999.000
202610030530,   0.473,   1.630,9999.000,9999.000,9999.000,9999.000,9999.000,9999.000,9999.000
202610030536,   0.472,   1.669,9999.000,9999.000,9999.000,9999.000,9999.000,9999.000,9999.000
202610030542,   0.471,   1.669,9999.000,9999.000,9999.000,9999.000,9999.000,9999.000,9999.000
202610030548,   0.471,   1.639,9999.000,9999.000,9999.000,9999.000,9999.000,9999.000,9999.000
202610030554,   0.470,   1.630,9999.000,9999.000,9999.000,9999.000,9999.000,9999.000,9999.000
202610030600,   0.470,   1.610,   0.800,   0.340,   1.610,   0.800,   1.610,   0.800,   1.610
202610030606,   0.470,   1.610,9999.000,9999.000,9999.000,9999.000,9999.000,9999.000,9999.000
202610030612,   0.471,   1.620,9999.000,9999.000,9999.000,9999.000,9999.000,9999.000,9999.000
202610030618,   0.471,   1.630,9999.000,9999.000,9999.000,9999.000,9999.000,9999.000,9999.000
202610030624,   0.472,   1.620,9999.000,9999.000,9999.000,9999.000,9999.000,9999.000,9999.000
202610030630,   0.473,   1.600,9999.000,9999.000,9999.000,9999.000,9999.000,9999.000,9999.000
202610030636,   0.474,   1.600,9999.000,9999.000,9999.000,9999.000,9999.000,9999.000,9999.000
202610030642,   0.475,   1.620,9999.000,9999.000,9999.000,9999.000,9999.000,9999.000,9999.000
202610030648,   0.477,   1.639,9999.000,9999.000,9999.000,9999.000,9999.000,9999.000,9999.000
202610030654,   0.479,   1.639,9999.000,9999.000,9999.000,9999.000,9999.000,9999.000,9999.000
202610030700,   0.481,   1.620,   0.800,   0.339,   1.620,   0.800,   1.620,   0.800,   1.620
202610030706,   0.483,   1.580,9999.000,9999.000,9999.000,9999.000,9999.000,9999.000,9999.000
202610030712,   0.485,   1.557,9999.000,9999.000,9999.000,9999.000,9999.000,9999.000,9999.000
202610030718,   0.488,   1.590,9999.000,9999.000,9999.000,9999.000,9999.000,9999.000,9999.000
202610030724,   0.491,   1.620,9999.000,9999.000,9999.000,9999.000,9999.000,9999.000,9999.000
202610030730,   0.494,   1.620,9999.000,9999.000,9999.000,9999.000,9999.000,9999.000,9999.000
202610030736,   0.497,   1.620,9999.000,9999.000,9999.000,9999.000,9999.000,9999.000,9999.000
202610030742,   0.500,   1.649,9999.000,9999.000,9999.000,9999.000,9999.000,9999.000,9999.000
202610030748,   0.504,   1.669,9999.000,9999.000,9999.000,9999.000,9999.000,9999.000,9999.000
202610030754,   0.507,   1.659,9999.000,9999.000,9999.000,9999.000,9999.000,9999.000,9999.000
202610030800,   0.511,   1.669,   0.800,   0.358,   1.669,   0.800,   1.669,   0.800,   1.669
202610030806,   0.515,   1.689,9999.000,9999.000,9999.000,9999.000,9999.000,9999.000,9999.000
202610030812,   0.519,   1.679,9999.000,9999.000,9999.000,9999.000,9999.000,9999.000,9999.000
202610030818,   0.523,   1.669,9999.000,9999.000,9999.000,9999.000,9999.000,9999.000,9999.000
202610030824,   0.528,   1.699,9999.000,9999.000,9999.000,9999.000,9999.000,9999.000,9999.000
202610030830,   0.532,   1.738,9999.000,9999.000,9999.000,9999.000,9999.000,9999.000,9999.000
202610030836,   0.537,   1.738,9999.000,9999.000,9999.000,9999.000,9999.000,9999.000,9999.000
202610030842,   0.541,   1.718,9999.000,9999.000,9999.000,9999.000,9999.000,9999.000,9999.000
202610030848,   0.546,   1.738,9999.000,9999.000,9999.000,9999.000,9999.000,9999.000,9999.000
202610030854,   0.551,   1.767,9999.000,9999.000,9999.000,9999.000,9999.000,9999.000,9999.000
202610030900,   0.555,   1.758,   0.800,   0.403,   1.758,   0.800,   1.758,   0.800,   1.758
202610030906,   0.560,   1.748,9999.000,9999.000,9999.000,9999.000,9999.000,9999.000,9999.000
202610030912,   0.565,   1.781,9999.000,9999.000,9999.000,9999.000,9999.000,9999.000,9999.000
202610030918,   0.570,   1.810,9999.000,9999.000,9999.000,9999.000,9999.000,9999.000,9999.000
202610030924,   0.576,   1.800,9999.000,9999.000,9999.000,9999.000,9999.000,9999.000,9999.000
202610030930,   0.581,   1.781,9999.000,9999.000,9999.000,9999.000,9999.000,9999.000,9999.000
202610030936,   0.586,   1.790,9999.000,9999.000,9999.000,9999.000,9999.000,9999.000,9999.000
202610030942,   0.591,   1.790,9999.000,9999.000,9999.000,9999.000,9999.000,9999.000,9999.000
202610030948,   0.596,   1.767,9999.000,9999.000,9999.000,9999.000,9999.000,9999.000,9999.000
202610030954,   0.602,   1.790,9999.000,9999.000,9999.000,9999.000,9999.000,9999.000,9999.000
202610031000,   0.607,   1.840,   0.800,   0.433,   1.840,   0.800,   1.840,   0.800,   1.840
202610031006,   0.612,   1.849,9999.000,9999.000,9999.000,9999.000,9999.000,9999.000,9999.000
202610031012,   0.618,   1.820,9999.000,9999.000,9999.000,9999.000,9999.000,9999.000,9999.000
202610031018,   0.623,   1.820,9999.000,9999.000,9999.000,9999.000,9999.000,9999.000,9999.000
202610031024,   0.629,   1.849,9999.000,9999.000,9999.000,9999.000,9999.000,9999.000,9999.000
202610031030,   0.634,   1.840,9999.000,9999.000,9999.000,9999.000,9999.000,9999.000,9999.000
202610031036,   0.640,   1.820,9999.000,9999.000,9999.000,9999.000,9999.000,9999.000,9999.000
202610031042,   0.645,   1.840,9999.000,9999.000,9999.000,9999.000,9999.000,9999.000,9999.000
202610031048,   0.651,   1.869,9999.000,9999.000,9999.000,9999.000,9999.000,9999.000,9999.000
202610031054,   0.656,   1.879,9999.000,9999.000,9999.000,9999.000,9999.000,9999.000,9999.000
202610031100,   0.662,   1.918,   0.800,   0.456,   1.918,   0.800,   1.918,   0.800,   1.918
202610031106,   0.668,   1.958,9999.000,9999.000,9999.000,9999.000,9999.000,9999.000,9999.000
202610031112,   0.673,   1.948,9999.000,9999.000,9999.000,9999.000,9999.000,9999.000,9999.000
202610031118,   0.679,   1.899,9999.000,9999.000,9999.000,9999.000,9999.000,9999.000,9999.000
202610031124,   0.685,   1.889,9999.000,9999.000,9999.000,9999.000,9999.000,9999.000,9999.000
202610031130,   0.690,   1.938,9999.000,9999.000,9999.000,9999.000,9999.000,9999.000,9999.000
202610031136,   0.696,   1.967,9999.000,9999.000,9999.000,9999.000,9999.000,9999.000,9999.000
202610031142,   0.702,   1.948,9999.000,9999.000,9999.000,9999.000,9999.000,9999.000,9999.000
202610031148,   0.708,   1.948,9999.000,9999.000,9999.000,9999.000,9999.000,9999.000,9999.000
202610031154,   0.714,   2.000,9999.000,9999.000,9999.000,9999.000,9999.000,9999.000,9999.000
202610031200,   0.719,   2.030,   0.800,   0.511,   2.030,   0.800,   2.030,   0.800,   2.030
202610031206,   0.725,   2.020,9999.000,9999.000,9999.000,9999.000,9999.000,9999.000,9999.000
202610031212,   0.731,   2.030,9999.000,9999.000,9999.000,9999.000,9999.000,9999.000,9999.000
202610031218,   0.737,   2.059,9999.000,9999.000,9999.000,9999.000,9999.000,9999.000,9999.000
202610031224,   0.743,   2.040,9999.000,9999.000,9999.000,9999.000,9999.000,9999.000,9999.000
202610031230,   0.749,   2.020,9999.000,9999.000,9999.000,9999.000,9999.000,9999.000,9999.000
202610031236,   0.755,   2.049,9999.000,9999.000,9999.000,9999.000,9999.000,9999.000,9999.000
202610031242,   0.761,   2.099,9999.000,9999.000,9999.000,9999.000,9999.000,9999.000,9999.000
202610031248,   0.767,   2.079,9999.000,9999.000,9999.000,9999.000,9999.000,9999.000,9999.000
202610031254,   0.774,   2.049,9999.000,9999.000,9999.000,9999.000,9999.000,9999.000,9999.000
202610031300,   0.780,   2.069,   0.800,   0.489,   2.069,   0.800,   2.069,   0.800,   2.069
202610031306,   0.786,   2.089,9999.000,9999.000,9999.000,9999.000,9999.000,9999.000,9999.000
202610031312,   0.792,   2.118,9999.000,9999.000,9999.000,9999.000,9999.000,9999.000,9999.000
202610031318,   0.798,   2.138,9999.000,9999.000,9999.000,9999.000,9999.000,9999.000,9999.000
202610031324,   0.804,   2.158,9999.000,9999.000,9999.000,9999.000,9999.000,9999.000,9999.000
202610031330,   0.810,   2.099,9999.000,9999.000,9999.000,9999.000,9999.000,9999.000,9999.000
202610031336,   0.816,   2.040,9999.000,9999.000,9999.000,9999.000,9999.000,9999.000,9999.000
202610031342,   0.822,   2.049,9999.000,9999.000,9999.000,9999.000,9999.000,9999.000,9999.000
202610031348,   0.828,   2.109,9999.000,9999.000,9999.000,9999.000,9999.000,9999.000,9999.000
202610031354,   0.834,   2.089,9999.000,9999.000,9999.000,9999.000,9999.000,9999.000,9999.000
202610031400,   0.840,   2.089,   0.800,   0.449,   2.089,   0.800,   2.089,   0.800,   2.089
202610031406,   0.846,   2.191,9999.000,9999.000,9999.000,9999.000,9999.000,9999.000,9999.000
202610031412,   0.852,   2.299,9999.000,9999.000,9999.000,9999.000,9999.000,9999.000,9999.000
202610031418,   0.858,   2.299,9999.000,9999.000,9999.000,9999.000,9999.000,9999.000,9999.000
202610031424,   0.863,   2.210,9999.000,9999.000,9999.000,9999.000,9999.000,9999.000,9999.000
202610031430,   0.869,   2.191,9999.000,9999.000,9999.000,9999.000,9999.000,9999.000,9999.000
202610031436,   0.875,   2.210,9999.000,9999.000,9999.000,9999.000,9999.000,9999.000,9999.000
202610031442,   0.880,   2.191,9999.000,9999.000,9999.000,9999.000,9999.000,9999.000,9999.000
202610031448,   0.886,   2.138,9999.000,9999.000,9999.000,9999.000,9999.000,9999.000,9999.000
202610031454,   0.891,   2.158,9999.000,9999.000,9999.000,9999.000,9999.000,9999.000,9999.000
202610031500,   0.896,   2.240,   0.800,   0.544,   2.240,   0.800,   2.240,   0.800,   2.240
202610031506,   0.901,   2.210,9999.000,9999.000,9999.000,9999.000,9999.000,9999.000,9999.000
202610031512,   0.906,   2.148,9999.000,9999.000,9999.000,9999.000,9999.000,9999.000,9999.000
202610031518,   0.911,   2.148,9999.000,9999.000,9999.000,9999.000,9999.000,9999.000,9999.000
202610031524,   0.916,   2.220,9999.000,9999.000,9999.000,9999.000,9999.000,9999.000,9999.000
202610031530,   0.921,   2.210,9999.000,9999.000,9999.000,9999.000,9999.000,9999.000,9999.000
202610031536,   0.925,   2.148,9999.000,9999.000,9999.000,9999.000,9999.000,9999.000,9999.000
202610031542,   0.929,   2.138,9999.000,9999.000,9999.000,9999.000,9999.000,9999.000,9999.000
202610031548,   0.934,   2.220,9999.000,9999.000,9999.000,9999.000,9999.000,9999.000,9999.000
202610031554,   0.938,   2.318,9999.000,9999.000,9999.000,9999.000,9999.000,9999.000,9999.000
202610031600,   0.942,   2.348,   0.800,   0.606,   2.348,   0.800,   2.348,   0.800,   2.348
202610031606,   0.946,   2.309,9999.000,9999.000,9999.000,9999.000,9999.000,9999.000,9999.000
202610031612,   0.950,   2.289,9999.000,9999.000,9999.000,9999.000,9999.000,9999.000,9999.000
202610031618,   0.953,   2.328,9999.000,9999.000,9999.000,9999.000,9999.000,9999.000,9999.000
202610031624,   0.957,   2.348,9999.000,9999.000,9999.000,9999.000,9999.000,9999.000,9999.000
202610031630,   0.960,   2.318,9999.000,9999.000,9999.000,9999.000,9999.000,9999.000,9999.000
202610031636,   0.963,   2.250,9999.000,9999.000,9999.000,9999.000,9999.000,9999.000,9999.000
202610031642,   0.966,   2.230,9999.000,9999.000,9999.000,9999.000,9999.000,9999.000,9999.000
202610031648,   0.969,   2.318,9999.000,9999.000,9999.000,9999.000,9999.000,9999.000,9999.000
202610031654,   0.972,   2.377,9999.000,9999.000,9999.000,9999.000,9999.000,9999.000,9999.000
202610031700,   0.974,   2.348,   0.800,   0.574,   2.348,   0.800,   2.348,   0.800,   2.348
202610031706,   0.977,   2.230,9999.000,9999.000,9999.000,9999.000,9999.000,9999.000,9999.000
202610031712,   0.979,   2.220,9999.000,9999.000,9999.000,9999.000,9999.000,9999.000,9999.000
202610031718,   0.981,   2.289,9999.000,9999.000,9999.000,9999.000,9999.000,9999.000,9999.000
202610031724,   0.983,   2.299,9999.000,9999.000,9999.000,9999.000,9999.000,9999.000,9999.000
202610031730,   0.985,   2.250,9999.000,9999.000,9999.000,9999.000,9999.000,9999.000,9999.000
202610031736,   0.987,   2.210,9999.000,9999.000,9999.000,9999.000,9999.000,9999.000,9999.000
202610031742,   0.989,   2.200,9999.000,9999.000,9999.000,9999.000,9999.000,9999.000,9999.000
202610031748,   0.990,   2.279,9999.000,9999.000,9999.000,9999.000,9999.000,9999.000,9999.000
202610031754,   0.991,   2.348,9999.000,9999.000,9999.000,9999.000,9999.000,9999.000,9999.000
202610031800,   0.993,   2.299,   0.800,   0.506,   2.299,   0.800,   2.299,   0.800,   2.299
202610031806,   0.994,   2.230,9999.000,9999.000,9999.000,9999.000,9999.000,9999.000,9999.000
202610031812,   0.995,   2.210,9999.000,9999.000,9999.000,9999.000,9999.000,9999.000,9999.000
202610031818,   0.995,   2.269,9999.000,9999.000,9999.000,9999.000,9999.000,9999.000,9999.000
202610031824,   0.996,   2.348,9999.000,9999.000,9999.000,9999.000,9999.000,9999.000,9999.000
202610031830,   0.997,   2.358,9999.000,9999.000,9999.000,9999.000,9999.000,9999.000,9999.000
202610031836,   0.997,   2.318,9999.000,9999.000,9999.000,9999.000,9999.000,9999.000,9999.000
202610031842,   0.997,   2.299,9999.000,9999.000,9999.000,9999.000,9999.000,9999.000,9999.000
202610031848,   0.997,   2.259,9999.000,9999.000,9999.000,9999.000,9999.000,9999.000,9999.000
202610031854,   0.997,   2.220,9999.000,9999.000,9999.000,9999.000,9999.000,9999.000,9999.000
202610031900,   0.997,   2.250,   0.800,   0.453,   2.250,   0.800,   2.250,   0.800,   2.250
202610031906,   0.997,   2.279,9999.000,9999.000,9999.000,9999.000,9999.000,9999.000,9999.000
202610031912,   0.996,   2.299,9999.000,9999.000,9999.000,9999.000,9999.000,9999.000,9999.000
202610031918,   0.996,   2.328,9999.000,9999.000,9999.000,9999.000,9999.000,9999.000,9999.000
202610031924,   0.995,   2.377,9999.000,9999.000,9999.000,9999.000,9999.000,9999.000,9999.000
202610031930,   0.994,   2.420,9999.000,9999.000,9999.000,9999.000,9999.000,9999.000,9999.000
202610031936,   0.993,   2.499,9999.000,9999.000,9999.000,9999.000,9999.000,9999.000,9999.000
202610031942,   0.991,   2.578,9999.000,9999.000,9999.000,9999.000,9999.000,9999.000,9999.000
202610031948,   0.990,   2.538,9999.000,9999.000,9999.000,9999.000,9999.000,9999.000,9999.000
202610031954,   0.988,   2.430,9999.000,9999.000,9999.000,9999.000,9999.000,9999.000,9999.000
202610032000,   0.987,   2.328,   0.800,   0.541,   2.328,   0.800,   2.328,   0.800,   2.328
202610032006,   0.985,   2.358,9999.000,9999.000,9999.000,9999.000,9999.000,9999.000,9999.000
202610032012,   0.983,   2.377,9999.000,9999.000,9999.000,9999.000,9999.000,9999.000,9999.000
202610032018,   0.980,   2.318,9999.000,9999.000,9999.000,9999.000,9999.000,9999.000,9999.000
202610032024,   0.978,   2.250,9999.000,9999.000,9999.000,9999.000,9999.000,9999.000,9999.000
202610032030,   0.975,   2.240,9999.000,9999.000,9999.000,9999.000,9999.000,9999.000,9999.000
202610032036,   0.972,   2.309,9999.000,9999.000,9999.000,9999.000,9999.000,9999.000,9999.000
202610032042,   0.970,   2.368,9999.000,9999.000,9999.000,9999.000,9999.000,9999.000,9999.000
202610032048,   0.966,   2.368,9999.000,9999.000,9999.000,9999.000,9999.000,9999.000,9999.000
202610032054,   0.963,   2.250,9999.000,9999.000,9999.000,9999.000,9999.000,9999.000,9999.000
202610032100,   0.960,   2.220,   0.800,   0.460,   2.220,   0.800,   2.220,   0.800,   2.220
202610032106,   0.956,   2.309,9999.000,9999.000,9999.000,9999.000,9999.000,9999.000,9999.000
202610032112,   0.952,   2.430,9999.000,9999.000,9999.000,9999.000,9999.000,9999.000,9999.000
202610032118,   0.948,   2.348,9999.000,9999.000,9999.000,9999.000,9999.000,9999.000,9999.000
202610032124,   0.944,   2.250,9999.000,9999.000,9999.000,9999.000,9999.000,9999.000,9999.000
202610032130,   0.940,   2.230,9999.000,9999.000,9999.000,9999.000,9999.000,9999.000,9999.000
202610032136,   0.935,   2.250,9999.000,9999.000,9999.000,9999.000,9999.000,9999.000,9999.000
202610032142,   0.931,   2.259,9999.000,9999.000,9999.000,9999.000,9999.000,9999.000,9999.000
202610032148,   0.926,   2.289,9999.000,9999.000,9999.000,9999.000,9999.000,9999.000,9999.000
202610032154,   0.921,   2.328,9999.000,9999.000,9999.000,9999.000,9999.000,9999.000,9999.000
202610032200,   0.916,   2.348,   0.800,   0.632,   2.348,   0.700,   2.248,   0.800,   2.348
202610032206,   0.911,   2.338,9999.000,9999.000,9999.000,9999.000,9999.000,9999.000,9999.000
202610032212,   0.906,   2.358,9999.000,9999.000,9999.000,9999.000,9999.000,9999.000,9999.000
202610032218,   0.900,   2.289,9999.000,9999.000,9999.000,9999.000,9999.000,9999.000,9999.000
202610032224,   0.895,   2.191,9999.000,9999.000,9999.000,9999.000,9999.000,9999.000,9999.000
202610032230,   0.889,   2.128,9999.000,9999.000,9999.000,9999.000,9999.000,9999.000,9999.000
202610032236,   0.883,   2.138,9999.000,9999.000,9999.000,9999.000,9999.000,9999.000,9999.000
202610032242,   0.878,   2.079,9999.000,9999.000,9999.000,9999.000,9999.000,9999.000,9999.000
202610032248,   0.872,   2.109,9999.000,9999.000,9999.000,9999.000,9999.000,9999.000,9999.000
202610032254,   0.866,   2.059,9999.000,9999.000,9999.000,9999.000,9999.000,9999.000,9999.000
202610032300,   0.860,   2.020,   0.800,   0.360,   2.020,   0.800,   2.020,   0.800,   2.020
202610032306,   0.853,   2.010,9999.000,9999.000,9999.000,9999.000,9999.000,9999.000,9999.000
202610032312,   0.847,   2.020,9999.000,9999.000,9999.000,9999.000,9999.000,9999.000,9999.000
202610032318,   0.841,   2.109,9999.000,9999.000,9999.000,9999.000,9999.000,9999.000,9999.000
202610032324,   0.835,   2.138,9999.000,9999.000,9999.000,9999.000,9999.000,9999.000,9999.000
202610032330,   0.828,   2.138,9999.000,9999.000,9999.000,9999.000,9999.000,9999.000,9999.000
202610032336,   0.822,   2.118,9999.000,9999.000,9999.000,9999.000,9999.000,9999.000,9999.000
202610032342,   0.815,   2.158,9999.000,9999.000,9999.000,9999.000,9999.000,9999.000,9999.000
202610032348,   0.809,   2.240,9999.000,9999.000,9999.000,9999.000,9999.000,9999.000,9999.000
202610032354,   0.802,   2.250,9999.000,9999.000,9999.000,9999.000,9999.000,9999.000,9999.000
202610040000,   0.796,   2.250,   0.800,   0.654,   2.250,   0.800,   2.250,   0.800,   2.250
202610040006,   0.789,   2.299,9999.000,9999.000,9999.000,9999.000,9999.000,9999.000,9999.000
202610040012,   0.783,   2.328,9999.000,9999.000,9999.000,9999.000,9999.000,9999.000,9999.000
202610040018,   0.776,   2.299,9999.000,9999.000,9999.000,9999.000,9999.000,9999.000,9999.000
202610040024,   0.770,   2.259,9999.000,9999.000,9999.000,9999.000,9999.000,9999.000,9999.000
202610040030,   0.763,   2.259,9999.000,9999.000,9999.000,9999.000,9999.000,9999.000,9999.000
202610040036,   0.757,   2.220,9999.000,9999.000,9999.000,9999.000,9999.000,9999.000,9999.000
202610040042,   0.750,   2.099,9999.000,9999.000,9999.000,9999.000,9999.000,9999.000,9999.000
202610040048,   0.744,   2.020,9999.000,9999.000,9999.000,9999.000,9999.000,9999.000,9999.000
202610040054,   0.737,   2.010,9999.000,9999.000,9999.000,9999.000,9999.000,9999.000,9999.000
202610040100,   0.731,   2.000,   0.800,   0.469,   2.000,   0.800,   2.000,   0.800,   2.000
202610040106,   0.724,   1.958,9999.000,9999.000,9999.000,9999.000,9999.000,9999.000,9999.000
202610040112,   0.718,   1.938,9999.000,9999.000,9999.000,9999.000,9999.000,9999.000,9999.000
202610040118,   0.711,   1.990,9999.000,9999.000,9999.000,9999.000,9999.000,9999.000,9999.000
202610040124,   0.705,   2.049,9999.000,9999.000,9999.000,9999.000,9999.000,9999.000,9999.000
202610040130,   0.699,   2.049,9999.000,9999.000,9999.000,9999.000,9999.000,9999.000,9999.000
202610040136,   0.692,   2.069,9999.000,9999.000,9999.000,9999.000,9999.000,9999.000,9999.000
202610040142,   0.686,   2.099,9999.000,9999.000,9999.000,9999.000,9999.000,9999.000,9999.000
202610040148,   0.680,   2.040,9999.000,9999.000,9999.000,9999.000,9999.000,9999.000,9999.000
202610040154,   0.674,   1.981,9999.000,9999.000,9999.000,9999.000,9999.000,9999.000,9999.000
202610040200,   0.667,   1.990,   0.800,   0.523,   1.990,   0.800,   1.990,   0.800,   1.990
202610040206,   0.661,   2.030,9999.000,9999.000,9999.000,9999.000,9999.000,9999.000,9999.000
202610040212,   0.655,   1.990,9999.000,9999.000,9999.000,9999.000,9999.000,9999.000,9999.000
202610040218,   0.649,   1.918,9999.000,9999.000,9999.000,9999.000,9999.000,9999.000,9999.000
202610040224,   0.643,   1.918,9999.000,9999.000,9999.000,9999.000,9999.000,9999.000,9999.000
202610040230,   0.637,   1.990,9999.000,9999.000,9999.000,9999.000,9999.000,9999.000,9999.000
202610040236,   0.631,   1.990,9999.000,9999.000,9999.000,9999.000,9999.000,9999.000,9999.000
202610040242,   0.625,   1.928,9999.000,9999.000,9999.000,9999.000,9999.000,9999.000,9999.000
202610040248,   0.619,   1.928,9999.000,9999.000,9999.000,9999.000,9999.000,9999.000,9999.000
202610040254,   0.613,   1.948,9999.000,9999.000,9999.000,9999.000,9999.000,9999.000,9999.000
202610040300,   0.607,   1.981,   0.800,   0.574,   1.981,   0.800,   1.981,   0.800,   1.981
202610040306,   0.601,   2.000,9999.000,9999.000,9999.000,9999.000,9999.000,9999.000,9999.000
202610040312,   0.596,   2.010,9999.000,9999.000,9999.000,9999.000,9999.000,9999.000,9999.000
202610040318,   0.590,   1.958,9999.000,9999.000,9999.000,9999.000,9999.000,9999.000,9999.000
202610040324,   0.584,   1.918,9999.000,9999.000,9999.000,9999.000,9999.000,9999.000,9999.000
202610040330,   0.579,   1.948,9999.000,9999.000,9999.000,9999.000,9999.000,9999.000,9999.000
202610040336,   0.573,   1.967,9999.000,9999.000,9999.000,9999.000,9999.000,9999.000,9999.000
202610040342,   0.568,   1.938,9999.000,9999.000,9999.000,9999.000,9999.000,9999.000,9999.000
202610040348,   0.563,   1.879,9999.000,9999.000,9999.000,9999.000,9999.000,9999.000,9999.000
202610040354,   0.557,   1.879,9999.000,9999.000,9999.000,9999.000,9999.000,9999.000,9999.000
202610040400,   0.552,   1.889,   0.800,   0.537,   1.889,   0.800,   1.889,   0.800,   1.889
202610040406,   0.547,   1.869,9999.000,9999.000,9999.000,9999.000,9999.000,9999.000,9999.000
202610040412,   0.542,   1.810,9999.000,9999.000,9999.000,9999.000,9999.000,9999.000,9999.000
202610040418,   0.537,   1.781,9999.000,9999.000,9999.000,9999.000,9999.000,9999.000,9999.000
202610040424,   0.532,   1.800,9999.000,9999.000,9999.000,9999.000,9999.000,9999.000,9999.000
202610040430,   0.528,   1.810,9999.000,9999.000,9999.000,9999.000,9999.000,9999.000,9999.000
202610040436,   0.523,   1.767,9999.000,9999.000,9999.000,9999.000,9999.000,9999.000,9999.000
202610040442,   0.519,   1.738,9999.000,9999.000,9999.000,9999.000,9999.000,9999.000,9999.000
202610040448,   0.515,   1.748,9999.000,9999.000,9999.000,9999.000,9999.000,9999.000,9999.000
202610040454,   0.511,   1.781,9999.000,9999.000,9999.000,9999.000,9999.000,9999.000,9999.000
202610040500,   0.507,   1.790,   0.800,   0.483,   1.790,   0.800,   1.790,   0.800,   1.790
202610040506,   0.503,   1.781,9999.000,9999.000,9999.000,9999.000,9999.000,9999.000,9999.000
202610040512,   0.499,   1.820,9999.000,9999.000,9999.000,9999.000,9999.000,9999.000,9999.000
202610040518,   0.496,   1.859,9999.000,9999.000,9999.000,9999.000,9999.000,9999.000,9999.000
202610040524,   0.493,   1.859,9999.000,9999.000,9999.000,9999.000,9999.000,9999.000,9999.000
202610040530,   0.490,   1.840,9999.000,9999.000,9999.000,9999.000,9999.000,9999.000,9999.000
202610040536,   0.487,   1.849,9999.000,9999.000,9999.000,9999.000,9999.000,9999.000,9999.000
202610040542,   0.484,   1.869,9999.000,9999.000,9999.000,9999.000,9999.000,9999.000,9999.000
202610040548,   0.482,   1.889,9999.000,9999.000,9999.000,9999.000,9999.000,9999.000,9999.000
202610040554,   0.479,   1.879,9999.000,9999.000,9999.000,9999.000,9999.000,9999.000,9999.000
202610040600,   0.477,   1.859,   0.800,   0.582,   1.859,   0.700,   1.759,   0.800,   1.859
202610040606,   0.476,   1.849,9999.000,9999.000,9999.000,9999.000,9999.000,9999.000,9999.000
202610040612,   0.474,   1.830,9999.000,9999.000,9999.000,9999.000,9999.000,9999.000,9999.000
202610040618,   0.473,   1.810,9999.000,9999.000,9999.000,9999.000,9999.000,9999.000,9999.000
202610040624,   0.472,   1.810,9999.000,9999.000,9999.000,9999.000,9999.000,9999.000,9999.000
202610040630,   0.471,   1.781,9999.000,9999.000,9999.000,9999.000,9999.000,9999.000,9999.000
202610040636,   0.470,   1.718,9999.000,9999.000,9999.000,9999.000,9999.000,9999.000,9999.000
202610040642,   0.469,   1.689,9999.000,9999.000,9999.000,9999.000,9999.000,9999.000,9999.000
202610040648,   0.469,   1.718,9999.000,9999.000,9999.000,9999.000,9999.000,9999.000,9999.000
202610040654,   0.469,   1.728,9999.000,9999.000,9999.000,9999.000,9999.000,9999.000,9999.000
202610040700,   0.469,   1.718,   0.800,   0.449,   1.718,   0.700,   1.618,   0.800,   1.718
202610040706,   0.470,   1.689,9999.000,9999.000,9999.000,9999.000,9999.000,9999.000,9999.000
202610040712,   0.470,   1.679,9999.000,9999.000,9999.000,9999.000,9999.000,9999.000,9999.000
202610040718,   0.471,   1.699,9999.000,9999.000,9999.000,9999.000,9999.000,9999.000,9999.000
202610040724,   0.472,   1.728,9999.000,9999.000,9999.000,9999.000,9999.000,9999.000,9999.000
202610040730,   0.473,   1.738,9999.000,9999.000,9999.000,9999.000,9999.000,9999.000,9999.000
202610040736,   0.475,   1.748,9999.000,9999.000,9999.000,9999.000,9999.000,9999.000,9999.000
202610040742,   0.476,   1.767,9999.000,9999.000,9999.000,9999.000,9999.000,9999.000,9999.000
202610040748,   0.478,   1.820,9999.000,9999.000,9999.000,9999.000,9999.000,9999.000,9999.000
202610040754,   0.480,   1.830,9999.000,9999.000,9999.000,9999.000,9999.000,9999.000,9999.000
202610040800,   0.482,   1.800,   0.800,   0.518,   1.800,   0.700,   1.700,   0.800,   1.800
202610040806,   0.484,   1.800,9999.000,9999.000,9999.000,9999.000,9999.000,9999.000,9999.000
202610040812,   0.487,   1.830,9999.000,9999.000,9999.000,9999.000,9999.000,9999.000,9999.000
202610040818,   0.489,   1.840,9999.000,9999.000,9999.000,9999.000,9999.000,9999.000,9999.000
202610040824,   0.492,   1.820,9999.000,9999.000,9999.000,9999.000,9999.000,9999.000,9999.000
202610040830,   0.495,   1.790,9999.000,9999.000,9999.000,9999.000,9999.000,9999.000,9999.000
202610040836,   0.498,   1.810,9999.000,9999.000,9999.000,9999.000,9999.000,9999.000,9999.000
202610040842,   0.501,   1.810,9999.000,9999.000,9999.000,9999.000,9999.000,9999.000,9999.000
202610040848,   0.504,   1.820,9999.000,9999.000,9999.000,9999.000,9999.000,9999.000,9999.000
202610040854,   0.507,   1.820,9999.000,9999.000,9999.000,9999.000,9999.000,9999.000,9999.000
202610040900,   0.511,   1.830,   0.800,   0.519,   1.830,   0.700,   1.730,   0.800,   1.830
202610040906,   0.514,   1.830,9999.000,9999.000,9999.000,9999.000,9999.000,9999.000,9999.000
202610040912,   0.518,   1.840,9999.000,9999.000,9999.000,9999.000,9999.000,9999.000,9999.000
202610040918,   0.522,   1.840,9999.000,9999.000,9999.000,9999.000,9999.000,9999.000,9999.000
202610040924,   0.525,   1.820,9999.000,9999.000,9999.000,9999.000,9999.000,9999.000,9999.000
202610040930,   0.529,   1.810,9999.000,9999.000,9999.000,9999.000,9999.000,9999.000,9999.000
202610040936,   0.533,   1.820,9999.000,9999.000,9999.000,9999.000,9999.000,9999.000,9999.000
202610040942,   0.537,   1.830,9999.000,9999.000,9999.000,9999.000,9999.000,9999.000,9999.000
202610040948,   0.541,   1.820,9999.000,9999.000,9999.000,9999.000,9999.000,9999.000,9999.000
202610040954,   0.546,   1.820,9999.000,9999.000,9999.000,9999.000,9999.000,9999.000,9999.000
202610041000,   0.550,   1.820,   0.800,   0.470,   1.820,   0.800,   1.820,   0.800,   1.820
202610041006,   0.554,   1.830,9999.000,9999.000,9999.000,9999.000,9999.000,9999.000,9999.000
202610041012,   0.558,   1.859,9999.000,9999.000,9999.000,9999.000,9999.000,9999.000,9999.000
202610041018,   0.563,   1.899,9999.000,9999.000,9999.000,9999.000,9999.000,9999.000,9999.000
202610041024,   0.567,   1.918,9999.000,9999.000,9999.000,9999.000,9999.000,9999.000,9999.000
202610041030,   0.572,   1.918,9999.000,9999.000,9999.000,9999.000,9999.000,9999.000,9999.000
202610041036,   0.576,   1.928,9999.000,9999.000,9999.000,9999.000,9999.000,9999.000,9999.000
202610041042,   0.581,   1.958,9999.000,9999.000,9999.000,9999.000,9999.000,9999.000,9999.000
202610041048,   0.585,   1.958,9999.000,9999.000,9999.000,9999.000,9999.000,9999.000,9999.000
202610041054,   0.590,   1.948,9999.000,9999.000,9999.000,9999.000,9999.000,9999.000,9999.000
202610041100,   0.595,   1.967,   0.800,   0.572,   1.967,   0.800,   1.967,   0.800,   1.967
202610041106,   0.600,   1.990,9999.000,9999.000,9999.000,9999.000,9999.000,9999.000,9999.000
202610041112,   0.605,   1.967,9999.000,9999.000,9999.000,9999.000,9999.000,9999.000,9999.000
202610041118,   0.609,   1.958,9999.000,9999.000,9999.000,9999.000,9999.000,9999.000,9999.000
202610041124,   0.614,   1.981,9999.000,9999.000,9999.000,9999.000,9999.000,9999.000,9999.000
202610041130,   0.619,   2.000,9999.000,9999.000,9999.000,9999.000,9999.000,9999.000,9999.000
202610041136,   0.625,   2.000,9999.000,9999.000,9999.000,9999.000,9999.000,9999.000,9999.000
202610041142,   0.630,   2.000,9999.000,9999.000,9999.000,9999.000,9999.000,9999.000,9999.000
202610041148,   0.635,   2.010,9999.000,9999.000,9999.000,9999.000,9999.000,9999.000,9999.000
202610041154,   0.640,   2.010,9999.000,9999.000,9999.000,9999.000,9999.000,9999.000,9999.000
202610041200,   0.646,   1.990,   0.700,   0.644,   1.990,   0.700,   1.990,   0.800,   2.090
202610041206,   0.651,   1.981,9999.000,9999.000,9999.000,9999.000,9999.000,9999.000,9999.000
202610041212,   0.656,   1.990,9999.000,9999.000,9999.000,9999.000,9999.000,9999.000,9999.000
202610041218,   0.662,   2.000,9999.000,9999.000,9999.000,9999.000,9999.000,9999.000,9999.000
202610041224,   0.667,   1.990,9999.000,9999.000,9999.000,9999.000,9999.000,9999.000,9999.000
202610041230,   0.673,   1.990,9999.000,9999.000,9999.000,9999.000,9999.000,9999.000,9999.000
202610041236,   0.679,   2.010,9999.000,9999.000,9999.000,9999.000,9999.000,9999.000,9999.000
202610041242,   0.684,   2.049,9999.000,9999.000,9999.000,9999.000,9999.000,9999.000,9999.000
202610041248,   0.690,   2.059,9999.000,9999.000,9999.000,9999.000,9999.000,9999.000,9999.000
202610041254,   0.696,   2.079,9999.000,9999.000,9999.000,9999.000,9999.000,9999.000,9999.000
202610041300,   0.702,   2.109,   0.700,   0.707,   2.109,   0.700,   2.109,   0.800,   2.209
202610041306,   0.708,   2.128,9999.000,9999.000,9999.000,9999.000,9999.000,9999.000,9999.000
202610041312,   0.714,   2.138,9999.000,9999.000,9999.000,9999.000,9999.000,9999.000,9999.000
202610041318,   0.720,   2.138,9999.000,9999.000,9999.000,9999.000,9999.000,9999.000,9999.000
202610041324,   0.726,   2.128,9999.000,9999.000,9999.000,9999.000,9999.000,9999.000,9999.000
202610041330,   0.732,   2.128,9999.000,9999.000,9999.000,9999.000,9999.000,9999.000,9999.000
202610041336,   0.738,   2.138,9999.000,9999.000,9999.000,9999.000,9999.000,9999.000,9999.000
202610041342,   0.744,   2.148,9999.000,9999.000,9999.000,9999.000,9999.000,9999.000,9999.000
202610041348,   0.750,   2.158,9999.000,9999.000,9999.000,9999.000,9999.000,9999.000,9999.000
202610041354,   0.756,   2.168,9999.000,9999.000,9999.000,9999.000,9999.000,9999.000,9999.000
202610041400,   0.762,   2.158,   0.800,   0.596,   2.158,   0.700,   2.058,   0.800,   2.158
202610041406,   0.769,   2.138,9999.000,9999.000,9999.000,9999.000,9999.000,9999.000,9999.000
202610041412,   0.775,   2.148,9999.000,9999.000,9999.000,9999.000,9999.000,9999.000,9999.000
202610041418,   0.781,   2.168,9999.000,9999.000,9999.000,9999.000,9999.000,9999.000,9999.000
202610041424,   0.787,   2.158,9999.000,9999.000,9999.000,9999.000,9999.000,9999.000,9999.000
202610041430,   0.793,   2.138,9999.000,9999.000,9999.000,9999.000,9999.000,9999.000,9999.000
202610041436,   0.799,   2.148,9999.000,9999.000,9999.000,9999.000,9999.000,9999.000,9999.000
202610041442,   0.805,   2.168,9999.000,9999.000,9999.000,9999.000,9999.000,9999.000,9999.000
202610041448,   0.811,   2.168,9999.000,9999.000,9999.000,9999.000,9999.000,9999.000,9999.000
202610041454,   0.817,   2.168,9999.000,9999.000,9999.000,9999.000,9999.000,9999.000,9999.000
202610041500,   0.823,   2.191,   0.800,   0.568,   2.191,   0.700,   2.091,   0.800,   2.191
202610041506,   0.828,   2.210,9999.000,9999.000,9999.000,9999.000,9999.000,9999.000,9999.000
202610041512,   0.834,   2.220,9999.000,9999.000,9999.000,9999.000,9999.000,9999.000,9999.000
202610041518,   0.840,   2.240,9999.000,9999.000,9999.000,9999.000,9999.000,9999.000,9999.000
202610041524,   0.845,   2.259,9999.000,9999.000,9999.000,9999.000,9999.000,9999.000,9999.000
202610041530,   0.851,   2.250,9999.000,9999.000,9999.000,9999.000,9999.000,9999.000,9999.000
202610041536,   0.856,   2.230,9999.000,9999.000,9999.000,9999.000,9999.000,9999.000,9999.000
202610041542,   0.862,   2.230,9999.000,9999.000,9999.000,9999.000,9999.000,9999.000,9999.000
202610041548,   0.867,   2.230,9999.000,9999.000,9999.000,9999.000,9999.000,9999.000,9999.000
202610041554,   0.872,   2.230,9999.000,9999.000,9999.000,9999.000,9999.000,9999.000,9999.000
202610041600,   0.878,   2.230,   0.800,   0.552,   2.230,   0.700,   2.130,   0.800,   2.230
202610041606,   0.883,   2.230,9999.000,9999.000,9999.000,9999.000,9999.000,9999.000,9999.000
202610041612,   0.888,   2.210,9999.000,9999.000,9999.000,9999.000,9999.000,9999.000,9999.000
202610041618,   0.892,   2.191,9999.000,9999.000,9999.000,9999.000,9999.000,9999.000,9999.000
202610041624,   0.897,   2.177,9999.000,9999.000,9999.000,9999.000,9999.000,9999.000,9999.000
202610041630,   0.902,   2.210,9999.000,9999.000,9999.000,9999.000,9999.000,9999.000,9999.000
202610041636,   0.907,   2.230,9999.000,9999.000,9999.000,9999.000,9999.000,9999.000,9999.000
202610041642,   0.911,   2.250,9999.000,9999.000,9999.000,9999.000,9999.000,9999.000,9999.000
202610041648,   0.915,   2.250,9999.000,9999.000,9999.000,9999.000,9999.000,9999.000,9999.000
202610041654,   0.920,   2.250,9999.000,9999.000,9999.000,9999.000,9999.000,9999.000,9999.000
202610041700,   0.924,   2.230,   0.800,   0.506,   2.230,   0.700,   2.130,   0.800,   2.230
202610041706,   0.928,   2.210,9999.000,9999.000,9999.000,9999.000,9999.000,9999.000,9999.000
202610041712,   0.932,   2.210,9999.000,9999.000,9999.000,9999.000,9999.000,9999.000,9999.000
202610041718,   0.936,   2.177,9999.000,9999.000,9999.000,9999.000,9999.000,9999.000,9999.000
202610041724,   0.940,   2.168,9999.000,9999.000,9999.000,9999.000,9999.000,9999.000,9999.000
202610041730,   0.944,   2.210,9999.000,9999.000,9999.000,9999.000,9999.000,9999.000,9999.000
202610041736,   0.947,   2.250,9999.000,9999.000,9999.000,9999.000,9999.000,9999.000,9999.000
202610041742,   0.951,   2.279,9999.000,9999.000,9999.000,9999.000,9999.000,9999.000,9999.000
202610041748,   0.954,   2.328,9999.000,9999.000,9999.000,9999.000,9999.000,9999.000,9999.000
202610041754,   0.957,   2.348,9999.000,9999.000,9999.000,9999.000,9999.000,9999.000,9999.000
202610041800,   0.961,   2.420,   0.700,   0.759,   2.420,   0.700,   2.420,   0.800,   2.520
202610041806,   0.964,   2.440,9999.000,9999.000,9999.000,9999.000,9999.000,9999.000,9999.000
202610041812,   0.967,   2.459,9999.000,9999.000,9999.000,9999.000,9999.000,9999.000,9999.000
202610041818,   0.970,   2.519,9999.000,9999.000,9999.000,9999.000,9999.000,9999.000,9999.000
202610041824,   0.972,   2.509,9999.000,9999.000,9999.000,9999.000,9999.000,9999.000,9999.000
202610041830,   0.975,   2.489,9999.000,9999.000,9999.000,9999.000,9999.000,9999.000,9999.000
202610041836,   0.977,   2.440,9999.000,9999.000,9999.000,9999.000,9999.000,9999.000,9999.000
202610041842,   0.980,   2.440,9999.000,9999.000,9999.000,9999.000,9999.000,9999.000,9999.000
202610041848,   0.982,   2.440,9999.000,9999.000,9999.000,9999.000,9999.000,9999.000,9999.000
202610041854,   0.984,   2.420,9999.000,9999.000,9999.000,9999.000,9999.000,9999.000,9999.000
202610041900,   0.986,   2.377,   0.700,   0.691,   2.377,   0.700,   2.377,   0.800,   2.477
202610041906,   0.988,   2.377,9999.000,9999.000,9999.000,9999.000,9999.000,9999.000,9999.000
202610041912,   0.989,   2.368,9999.000,9999.000,9999.000,9999.000,9999.000,9999.000,9999.000
202610041918,   0.991,   2.377,9999.000,9999.000,9999.000,9999.000,9999.000,9999.000,9999.000
202610041924,   0.992,   2.368,9999.000,9999.000,9999.000,9999.000,9999.000,9999.000,9999.000
202610041930,   0.994,   2.348,9999.000,9999.000,9999.000,9999.000,9999.000,9999.000,9999.000
202610041936,   0.995,   2.328,9999.000,9999.000,9999.000,9999.000,9999.000,9999.000,9999.000
202610041942,   0.996,   2.299,9999.000,9999.000,9999.000,9999.000,9999.000,9999.000,9999.000
202610041948,   0.996,   2.269,9999.000,9999.000,9999.000,9999.000,9999.000,9999.000,9999.000
202610041954,   0.997,   2.230,9999.000,9999.000,9999.000,9999.000,9999.000,9999.000,9999.000
202610042000,   0.997,   2.230,   0.800,   0.433,   2.230,   0.700,   2.130,   0.800,   2.230
202610042006,   0.997,   2.250,9999.000,9999.000,9999.000,9999.000,9999.000,9999.000,9999.000
202610042012,   0.997,   2.259,9999.000,9999.000,9999.000,9999.000,9999.000,9999.000,9999.000
202610042018,   0.997,   2.269,9999.000,9999.000,9999.000,9999.000,9999.000,9999.000,9999.000
202610042024,   0.997,   2.279,9999.000,9999.000,9999.000,9999.000,9999.000,9999.000,9999.000
202610042030,   0.996,   2.318,9999.000,9999.000,9999.000,9999.000,9999.000,9999.000,9999.000
202610042036,   0.995,   2.328,9999.000,9999.000,9999.000,9999.000,9999.000,9999.000,9999.000
202610042042,   0.994,   2.299,9999.000,9999.000,9999.000,9999.000,9999.000,9999.000,9999.000
202610042048,   0.993,   2.289,9999.000,9999.000,9999.000,9999.000,9999.000,9999.000,9999.000
202610042054,   0.992,   2.309,9999.000,9999.000,9999.000,9999.000,9999.000,9999.000,9999.000
202610042100,   0.990,   2.299,   0.800,   0.509,   2.299,   0.700,   2.199,   0.800,   2.299
202610042106,   0.989,   2.269,9999.000,9999.000,9999.000,9999.000,9999.000,9999.000,9999.000
202610042112,   0.987,   2.240,9999.000,9999.000,9999.000,9999.000,9999.000,9999.000,9999.000
202610042118,   0.985,   2.250,9999.000,9999.000,9999.000,9999.000,9999.000,9999.000,9999.000
202610042124,   0.982,   2.259,9999.000,9999.000,9999.000,9999.000,9999.000,9999.000,9999.000
202610042130,   0.980,   2.259,9999.000,9999.000,9999.000,9999.000,9999.000,9999.000,9999.000
202610042136,   0.977,   2.259,9999.000,9999.000,9999.000,9999.000,9999.000,9999.000,9999.000
202610042142,   0.974,   2.269,9999.000,9999.000,9999.000,9999.000,9999.000,9999.000,9999.000
202610042148,   0.971,   2.279,9999.000,9999.000,9999.000,9999.000,9999.000,9999.000,9999.000
202610042154,   0.967,   2.269,9999.000,9999.000,9999.000,9999.000,9999.000,9999.000,9999.000
202610042200,   0.964,   2.250,   0.800,   0.486,   2.250,   0.700,   2.150,   0.800,   2.250
202610042206,   0.960,   2.230,9999.000,9999.000,9999.000,9999.000,9999.000,9999.000,9999.000
202610042212,   0.956,   2.220,9999.000,9999.000,9999.000,9999.000,9999.000,9999.000,9999.000
202610042218,   0.952,   2.200,9999.000,9999.000,9999.000,9999.000,9999.000,9999.000,9999.000
202610042224,   0.948,   2.191,9999.000,9999.000,9999.000,9999.000,9999.000,9999.000,9999.000
202610042230,   0.944,   2.191,9999.000,9999.000,9999.000,9999.000,9999.000,9999.000,9999.000
202610042236,   0.940,   2.177,9999.000,9999.000,9999.000,9999.000,9999.000,9999.000,9999.000
202610042242,   0.935,   2.168,9999.000,9999.000,9999.000,9999.000,9999.000,9999.000,9999.000
202610042248,   0.930,   2.191,9999.000,9999.000,9999.000,9999.000,9999.000,9999.000,9999.000
202610042254,   0.925,   2.200,9999.000,9999.000,9999.000,9999.000,9999.000,9999.000,9999.000
202610042300,   0.920,   2.168,   0.800,   0.448,   2.168,   0.800,   2.168,   0.800,   2.168
202610042306,   0.915,   2.158,9999.000,9999.000,9999.000,9999.000,9999.000,9999.000,9999.000
202610042312,   0.910,   2.168,9999.000,9999.000,9999.000,9999.000,9999.000,9999.000,9999.000
202610042318,   0.905,   2.177,9999.000,9999.000,9999.000,9999.000,9999.000,9999.000,9999.000
202610042324,   0.899,   2.177,9999.000,9999.000,9999.000,9999.000,9999.000,9999.000,9999.000
202610042330,   0.894,   2.168,9999.000,9999.000,9999.000,9999.000,9999.000,9999.000,9999.000
202610042336,   0.888,   2.148,9999.000,9999.000,9999.000,9999.000,9999.000,9999.000,9999.000
202610042342,   0.882,   2.148,9999.000,9999.000,9999.000,9999.000,9999.000,9999.000,9999.000
202610042348,   0.877,   2.168,9999.000,9999.000,9999.000,9999.000,9999.000,9999.000,9999.000
202610042354,   0.871,   2.158,9999.000,9999.000,9999.000,9999.000,9999.000,9999.000,9999.000
202610050000,   0.865,   2.158,   0.800,   0.493,   2.158,   0.800,   2.158,   0.800,   2.158
202610050006,   0.859,   2.158,9999.000,9999.000,9999.000,9999.000,9999.000,9999.000,9999.000
202610050012,   0.853,   2.158,9999.000,9999.000,9999.000,9999.000,9999.000,9999.000,9999.000
202610050018,   0.847,   2.138,9999.000,9999.000,9999.000,9999.000,9999.000,9999.000,9999.000
202610050024,   0.841,   2.099,9999.000,9999.000,9999.000,9999.000,9999.000,9999.000,9999.000
202610050030,   0.835,   2.099,9999.000,9999.000,9999.000,9999.000,9999.000,9999.000,9999.000
202610050036,   0.828,   2.099,9999.000,9999.000,9999.000,9999.000,9999.000,9999.000,9999.000
202610050042,   0.822,   2.079,9999.000,9999.000,9999.000,9999.000,9999.000,9999.000,9999.000
202610050048,   0.816,   2.049,9999.000,9999.000,9999.000,9999.000,9999.000,9999.000,9999.000
202610050054,   0.810,   2.049,9999.000,9999.000,9999.000,9999.000,9999.000,9999.000,9999.000
202610050100,   0.804,   2.040,   0.800,   0.436,   2.040,   0.800,   2.040,   0.800,   2.040
202610050106,   0.797,   2.020,9999.000,9999.000,9999.000,9999.000,9999.000,9999.000,9999.000
202610050112,   0.791,   2.000,9999.000,9999.000,9999.000,9999.000,9999.000,9999.000,9999.000
202610050118,   0.785,   2.010,9999.000,9999.000,9999.000,9999.000,9999.000,9999.000,9999.000
202610050124,   0.778,   2.020,9999.000,9999.000,9999.000,9999.000,9999.000,9999.000,9999.000
202610050130,   0.772,   2.000,9999.000,9999.000,9999.000,9999.000,9999.000,9999.000,9999.000
202610050136,   0.766,   2.010,9999.000,9999.000,9999.000,9999.000,9999.000,9999.000,9999.000
202610050142,   0.759,   2.040,9999.000,9999.000,9999.000,9999.000,9999.000,9999.000,9999.000
202610050148,   0.753,   2.030,9999.000,9999.000,9999.000,9999.000,9999.000,9999.000,9999.000
202610050154,   0.746,   2.000,9999.000,9999.000,9999.000,9999.000,9999.000,9999.000,9999.000
202610050200,   0.740,   1.981,   0.800,   0.441,   1.981,   0.800,   1.981,   0.800,   1.981
202610050206,   0.734,   2.000,9999.000,9999.000,9999.000,9999.000,9999.000,9999.000,9999.000
202610050212,   0.727,   2.010,9999.000,9999.000,9999.000,9999.000,9999.000,9999.000,9999.000
202610050218,   0.721,   1.990,9999.000,9999.000,9999.000,9999.000,9999.000,9999.000,9999.000
202610050224,   0.714,   1.967,9999.000,9999.000,9999.000,9999.000,9999.000,9999.000,9999.000
202610050230,   0.708,   1.990,9999.000,9999.000,9999.000,9999.000,9999.000,9999.000,9999.000
202610050236,   0.701,   2.000,9999.000,9999.000,9999.000,9999.000,9999.000,9999.000,9999.000
202610050242,   0.695,   1.990,9999.000,9999.000,9999.000,9999.000,9999.000,9999.000,9999.000
202610050248,   0.689,   1.981,9999.000,9999.000,9999.000,9999.000,9999.000,9999.000,9999.000
202610050254,   0.682,   1.990,9999.000,9999.000,9999.000,9999.000,9999.000,9999.000,9999.000
202610050300,   0.676,   1.967,   0.800,   0.491,   1.967,   0.800,   1.967,   0.800,   1.967
202610050306,   0.669,   1.938,9999.000,9999.000,9999.000,9999.000,9999.000,9999.000,9999.000
202610050312,   0.663,   1.948,9999.000,9999.000,9999.000,9999.000,9999.000,9999.000,9999.000
202610050318,   0.656,   1.958,9999.000,9999.000,9999.000,9999.000,9999.000,9999.000,9999.000
202610050324,   0.650,   1.928,9999.000,9999.000,9999.000,9999.000,9999.000,9999.000,9999.000
202610050330,   0.644,   1.889,9999.000,9999.000,9999.000,9999.000,9999.000,9999.000,9999.000
202610050336,   0.637,   1.869,9999.000,9999.000,9999.000,9999.000,9999.000,9999.000,9999.000
202610050342,   0.631,   1.869,9999.000,9999.000,9999.000,9999.000,9999.000,9999.000,9999.000
202610050348,   0.625,   1.840,9999.000,9999.000,9999.000,9999.000,9999.000,9999.000,9999.000
202610050354,   0.619,   1.820,9999.000,9999.000,9999.000,9999.000,9999.000,9999.000,9999.000
202610050400,   0.613,   1.820,   0.800,   0.407,   1.820,   0.800,   1.820,   0.800,   1.820
202610050406,   0.607,   1.840,9999.000,9999.000,9999.000,9999.000,9999.000,9999.000,9999.000
202610050412,   0.601,   1.830,9999.000,9999.000,9999.000,9999.000,9999.000,9999.000,9999.000
202610050418,   0.595,   1.820,9999.000,9999.000,9999.000,9999.000,9999.000,9999.000,9999.000
202610050424,   0.589,   1.830,9999.000,9999.000,9999.000,9999.000,9999.000,9999.000,9999.000
202610050430,   0.583,   1.849,9999.000,9999.000,9999.000,9999.000,9999.000,9999.000,9999.000
202610050436,   0.577,   1.830,9999.000,9999.000,9999.000,9999.000,9999.000,9999.000,9999.000
202610050442,   0.572,   1.820,9999.000,9999.000,9999.000,9999.000,9999.000,9999.000,9999.000
202610050448,   0.566,   1.830,9999.000,9999.000,9999.000,9999.000,9999.000,9999.000,9999.000
202610050454,   0.561,   1.830,9999.000,9999.000,9999.000,9999.000,9999.000,9999.000,9999.000
202610050500,   0.556,   1.810,   0.800,   0.454,   1.810,   0.800,   1.810,   0.800,   1.810
202610050506,   0.551,   1.800,9999.000,9999.000,9999.000,9999.000,9999.000,9999.000,9999.000
202610050512,   0.546,   1.800,9999.000,9999.000,9999.000,9999.000,9999.000,9999.000,9999.000
202610050518,   0.541,   1.790,9999.000,9999.000,9999.000,9999.000,9999.000,9999.000,9999.000
202610050524,   0.537,   1.820,9999.000,9999.000,9999.000,9999.000,9999.000,9999.000,9999.000
202610050530,   0.532,   1.830,9999.000,9999.000,9999.000,9999.000,9999.000,9999.000,9999.000
202610050536,   0.528,   1.810,9999.000,9999.000,9999.000,9999.000,9999.000,9999.000,9999.000
202610050542,   0.524,   1.790,9999.000,9999.000,9999.000,9999.000,9999.000,9999.000,9999.000
202610050548,   0.520,   1.767,9999.000,9999.000,9999.000,9999.000,9999.000,9999.000,9999.000
202610050554,   0.516,   1.758,9999.000,9999.000,9999.000,9999.000,9999.000,9999.000,9999.000
202610050600,   0.513,   1.748,   0.700,   0.535,   1.748,   0.700,   1.748,   0.800,   1.848
202610050606,   0.510,   1.728,9999.000,9999.000,9999.000,9999.000,9999.000,9999.000,9999.000
202610050612,   0.506,   1.728,9999.000,9999.000,9999.000,9999.000,9999.000,9999.000,9999.000
202610050618,   0.504,   1.708,9999.000,9999.000,9999.000,9999.000,9999.000,9999.000,9999.000
202610050624,   0.501,   1.689,9999.000,9999.000,9999.000,9999.000,9999.000,9999.000,9999.000
202610050630,   0.498,   1.708,9999.000,9999.000,9999.000,9999.000,9999.000,9999.000,9999.000
202610050636,   0.496,   1.718,9999.000,9999.000,9999.000,9999.000,9999.000,9999.000,9999.000
202610050642,   0.494,   1.728,9999.000,9999.000,9999.000,9999.000,9999.000,9999.000,9999.000
202610050648,   0.492,   1.708,9999.000,9999.000,9999.000,9999.000,9999.000,9999.000,9999.000
202610050654,   0.491,   1.708,9999.000,9999.000,9999.000,9999.000,9999.000,9999.000,9999.000
202610050700,   0.489,   1.708,   0.800,   0.419,   1.708,   0.700,   1.608,   0.800,   1.708
202610050706,   0.488,   1.708,9999.000,9999.000,9999.000,9999.000,9999.000,9999.000,9999.000
202610050712,   0.487,   1.699,9999.000,9999.000,9999.000,9999.000,9999.000,9999.000,9999.000
202610050718,   0.486,   1.708,9999.000,9999.000,9999.000,9999.000,9999.000,9999.000,9999.000
202610050724,   0.486,   1.708,9999.000,9999.000,9999.000,9999.000,9999.000,9999.000,9999.000
202610050730,   0.485,   1.699,9999.000,9999.000,9999.000,9999.000,9999.000,9999.000,9999.000
202610050736,   0.485,   1.689,9999.000,9999.000,9999.000,9999.000,9999.000,9999.000,9999.000
202610050742,   0.485,   1.699,9999.000,9999.000,9999.000,9999.000,9999.000,9999.000,9999.000
202610050748,   0.485,   1.689,9999.000,9999.000,9999.000,9999.000,9999.000,9999.000,9999.000
202610050754,   0.485,   1.669,9999.000,9999.000,9999.000,9999.000,9999.000,9999.000,9999.000
202610050800,   0.486,   1.659,   0.800,   0.373,   1.659,   0.700,   1.559,   0.800,   1.659
202610050806,   0.487,   1.679,9999.000,9999.000,9999.000,9999.000,9999.000,9999.000,9999.000
202610050812,   0.488,   1.689,9999.000,9999.000,9999.000,9999.000,9999.000,9999.000,9999.000
202610050818,   0.489,   1.689,9999.000,9999.000,9999.000,9999.000,9999.000,9999.000,9999.000
202610050824,   0.490,   1.679,9999.000,9999.000,9999.000,9999.000,9999.000,9999.000,9999.000
202610050830,   0.491,   1.689,9999.000,9999.000,9999.000,9999.000,9999.000,9999.000,9999.000
202610050836,   0.492,   1.699,9999.000,9999.000,9999.000,9999.000,9999.000,9999.000,9999.000
202610050842,   0.494,   1.689,9999.000,9999.000,9999.000,9999.000,9999.000,9999.000,9999.000
202610050848,   0.496,   1.679,9999.000,9999.000,9999.000,9999.000,9999.000,9999.000,9999.000
202610050854,   0.497,   1.699,9999.000,9999.000,9999.000,9999.000,9999.000,9999.000,9999.000
202610050900,   0.499,   1.718,   0.800,   0.419,   1.718,   0.800,   1.718,   0.800,   1.718
202610050906,   0.501,   1.708,9999.000,9999.000,9999.000,9999.000,9999.000,9999.000,9999.000
202610050912,   0.504,   1.689,9999.000,9999.000,9999.000,9999.000,9999.000,9999.000,9999.000
202610050918,   0.506,   1.699,9999.000,9999.000,9999.000,9999.000,9999.000,9999.000,9999.000
202610050924,   0.508,   1.718,9999.000,9999.000,9999.000,9999.000,9999.000,9999.000,9999.000
202610050930,   0.511,   1.718,9999.000,9999.000,9999.000,9999.000,9999.000,9999.000,9999.000
202610050936,   0.513,   1.699,9999.000,9999.000,9999.000,9999.000,9999.000,9999.000,9999.000
202610050942,   0.516,   1.679,9999.000,9999.000,9999.000,9999.000,9999.000,9999.000,9999.000
202610050948,   0.518,   1.689,9999.000,9999.000,9999.000,9999.000,9999.000,9999.000,9999.000
202610050954,   0.521,   1.689,9999.000,9999.000,9999.000,9999.000,9999.000,9999.000,9999.000
202610051000,   0.524,   1.679,   0.800,   0.355,   1.679,   0.800,   1.679,   0.800,   1.679
202610051006,   0.527,   1.679,9999.000,9999.000,9999.000,9999.000,9999.000,9999.000,9999.000
202610051012,   0.530,   1.679,9999.000,9999.000,9999.000,9999.000,9999.000,9999.000,9999.000
202610051018,   0.533,   1.679,9999.000,9999.000,9999.000,9999.000,9999.000,9999.000,9999.000
202610051024,   0.536,   1.689,9999.000,9999.000,9999.000,9999.000,9999.000,9999.000,9999.000
202610051030,   0.539,   1.708,9999.000,9999.000,9999.000,9999.000,9999.000,9999.000,9999.000
202610051036,   0.542,   1.708,9999.000,9999.000,9999.000,9999.000,9999.000,9999.000,9999.000
202610051042,   0.546,   1.699,9999.000,9999.000,9999.000,9999.000,9999.000,9999.000,9999.000
202610051048,   0.549,   1.699,9999.000,9999.000,9999.000,9999.000,9999.000,9999.000,9999.000
202610051054,   0.553,   1.728,9999.000,9999.000,9999.000,9999.000,9999.000,9999.000,9999.000
202610051100,   0.556,   1.748,   0.800,   0.392,   1.748,   0.800,   1.748,   0.800,   1.748
202610051106,   0.560,   1.738,9999.000,9999.000,9999.000,9999.000,9999.000,9999.000,9999.000
202610051112,   0.563,   1.728,9999.000,9999.000,9999.000,9999.000,9999.000,9999.000,9999.000
202610051118,   0.567,   1.738,9999.000,9999.000,9999.000,9999.000,9999.000,9999.000,9999.000
202610051124,   0.571,   1.738,9999.000,9999.000,9999.000,9999.000,9999.000,9999.000,9999.000
202610051130,   0.575,   1.748,9999.000,9999.000,9999.000,9999.000,9999.000,9999.000,9999.000
202610051136,   0.579,   1.767,9999.000,9999.000,9999.000,9999.000,9999.000,9999.000,9999.000
202610051142,   0.583,   1.790,9999.000,9999.000,9999.000,9999.000,9999.000,9999.000,9999.000
202610051148,   0.587,   1.810,9999.000,9999.000,9999.000,9999.000,9999.000,9999.000,9999.000
202610051154,   0.591,   1.830,9999.000,9999.000,9999.000,9999.000,9999.000,9999.000,9999.000
202610051200,   0.595,   1.830,   0.700,   0.535,   1.830,   0.700,   1.830,   0.800,   1.930
202610051206,   0.600,   1.810,9999.000,9999.000,9999.000,9999.000,9999.000,9999.000,9999.000
202610051212,   0.604,   1.810,9999.000,9999.000,9999.000,9999.000,9999.000,9999.000,9999.000
202610051218,   0.609,   1.800,9999.000,9999.000,9999.000,9999.000,9999.000,9999.000,9999.000
202610051224,   0.613,   1.800,9999.000,9999.000,9999.000,9999.000,9999.000,9999.000,9999.000
202610051230,   0.618,   1.781,9999.000,9999.000,9999.000,9999.000,9999.000,9999.000,9999.000
202610051236,   0.623,   1.781,9999.000,9999.000,9999.000,9999.000,9999.000,9999.000,9999.000
202610051242,   0.627,   1.800,9999.000,9999.000,9999.000,9999.000,9999.000,9999.000,9999.000
202610051248,   0.632,   1.790,9999.000,9999.000,9999.000,9999.000,9999.000,9999.000,9999.000
202610051254,   0.637,   1.790,9999.000,9999.000,9999.000,9999.000,9999.000,9999.000,9999.000
202610051300,   0.642,   1.767,   0.700,   0.425,   1.767,   0.700,   1.767,   0.800,   1.867
202610051306,   0.647,   1.767,9999.000,9999.000,9999.000,9999.000,9999.000,9999.000,9999.000
202610051312,   0.652,   1.800,9999.000,9999.000,9999.000,9999.000,9999.000,9999.000,9999.000
202610051318,   0.658,   1.810,9999.000,9999.000,9999.000,9999.000,9999.000,9999.000,9999.000
202610051324,   0.663,   1.810,9999.000,9999.000,9999.000,9999.000,9999.000,9999.000,9999.000
202610051330,   0.668,   1.830,9999.000,9999.000,9999.000,9999.000,9999.000,9999.000,9999.000
202610051336,   0.673,   1.849,9999.000,9999.000,9999.000,9999.000,9999.000,9999.000,9999.000
202610051342,   0.679,   1.869,9999.000,9999.000,9999.000,9999.000,9999.000,9999.000,9999.000
202610051348,   0.684,   1.869,9999.000,9999.000,9999.000,9999.000,9999.000,9999.000,9999.000
202610051354,   0.690,   1.869,9999.000,9999.000,9999.000,9999.000,9999.000,9999.000,9999.000
202610051400,   0.695,   1.869,   0.700,   0.474,   1.869,   0.700,   1.869,   0.800,   1.969
202610051406,   0.701,   1.899,9999.000,9999.000,9999.000,9999.000,9999.000,9999.000,9999.000
202610051412,   0.706,   1.918,9999.000,9999.000,9999.000,9999.000,9999.000,9999.000,9999.000
202610051418,   0.712,   1.938,9999.000,9999.000,9999.000,9999.000,9999.000,9999.000,9999.000
202610051424,   0.717,   1.948,9999.000,9999.000,9999.000,9999.000,9999.000,9999.000,9999.000
202610051430,   0.723,   1.938,9999.000,9999.000,9999.000,9999.000,9999.000,9999.000,9999.000
202610051436,   0.728,   1.938,9999.000,9999.000,9999.000,9999.000,9999.000,9999.000,9999.000
202610051442,   0.734,   1.938,9999.000,9999.000,9999.000,9999.000,9999.000,9999.000,9999.000
202610051448,   0.740,   1.967,9999.000,9999.000,9999.000,9999.000,9999.000,9999.000,9999.000
202610051454,   0.745,   1.967,9999.000,9999.000,9999.000,9999.000,9999.000,9999.000,9999.000
202610051500,   0.751,   1.967,   0.700,   0.516,   1.967,   0.700,   1.967,   0.800,   2.067
202610051506,   0.756,   1.958,9999.000,9999.000,9999.000,9999.000,9999.000,9999.000,9999.000
202610051512,   0.762,   1.967,9999.000,9999.000,9999.000,9999.000,9999.000,9999.000,9999.000
202610051518,   0.767,   1.981,9999.000,9999.000,9999.000,9999.000,9999.000,9999.000,9999.000
202610051524,   0.773,   1.990,9999.000,9999.000,9999.000,9999.000,9999.000,9999.000,9999.000
202610051530,   0.778,   2.000,9999.000,9999.000,9999.000,9999.000,9999.000,9999.000,9999.000
202610051536,   0.784,   2.010,9999.000,9999.000,9999.000,9999.000,9999.000,9999.000,9999.000
202610051542,   0.789,   2.000,9999.000,9999.000,9999.000,9999.000,9999.000,9999.000,9999.000
202610051548,   0.795,   2.020,9999.000,9999.000,9999.000,9999.000,9999.000,9999.000,9999.000
202610051554,   0.800,   2.030,9999.000,9999.000,9999.000,9999.000,9999.000,9999.000,9999.000
202610051600,   0.805,   2.020,   0.700,   0.515,   2.020,   0.700,   2.020,   0.800,   2.120
202610051606,   0.811,   2.040,9999.000,9999.000,9999.000,9999.000,9999.000,9999.000,9999.000
202610051612,   0.816,   2.069,9999.000,9999.000,9999.000,9999.000,9999.000,9999.000,9999.000
202610051618,   0.821,   2.099,9999.000,9999.000,9999.000,9999.000,9999.000,9999.000,9999.000
202610051624,   0.826,   2.089,9999.000,9999.000,9999.000,9999.000,9999.000,9999.000,9999.000
202610051630,   0.831,   2.059,9999.000,9999.000,9999.000,9999.000,9999.000,9999.000,9999.000
202610051636,   0.836,   2.030,9999.000,9999.000,9999.000,9999.000,9999.000,9999.000,9999.000
202610051642,   0.841,   2.040,9999.000,9999.000,9999.000,9999.000,9999.000,9999.000,9999.000
202610051648,   0.846,   2.040,9999.000,9999.000,9999.000,9999.000,9999.000,9999.000,9999.000
202610051654,   0.851,   2.059,9999.000,9999.000,9999.000,9999.000,9999.000,9999.000,9999.000
202610051700,   0.856,   2.059,   0.700,   0.503,   2.059,   0.700,   2.059,   0.800,   2.159
202610051706,   0.861,   2.079,9999.000,9999.000,9999.000,9999.000,9999.000,9999.000,9999.000
202610051712,   0.866,   2.049,9999.000,9999.000,9999.000,9999.000,9999.000,9999.000,9999.000
202610051718,   0.871,   2.030,9999.000,9999.000,9999.000,9999.000,9999.000,9999.000,9999.000
202610051724,   0.875,   2.049,9999.000,9999.000,9999.000,9999.000,9999.000,9999.000,9999.000
202610051730,   0.880,   2.109,9999.000,9999.000,9999.000,9999.000,9999.000,9999.000,9999.000
202610051736,   0.885,   2.118,9999.000,9999.000,9999.000,9999.000,9999.000,9999.000,9999.000
202610051742,   0.889,   2.099,9999.000,9999.000,9999.000,9999.000,9999.000,9999.000,9999.000
202610051748,   0.894,   2.089,9999.000,9999.000,9999.000,9999.000,9999.000,9999.000,9999.000
202610051754,   0.898,   2.099,9999.000,9999.000,9999.000,9999.000,9999.000,9999.000,9999.000
202610051800,   0.903,   2.079,   0.700,   0.476,   2.079,   0.700,   2.079,   0.800,   2.179
202610051806,   0.907,   2.089,9999.000,9999.000,9999.000,9999.000,9999.000,9999.000,9999.000
202610051812,   0.911,   2.099,9999.000,9999.000,9999.000,9999.000,9999.000,9999.000,9999.000
202610051818,   0.915,   2.089,9999.000,9999.000,9999.000,9999.000,9999.000,9999.000,9999.000
202610051824,   0.919,   2.069,9999.000,9999.000,9999.000,9999.000,9999.000,9999.000,9999.000
202610051830,   0.923,   2.079,9999.000,9999.000,9999.000,9999.000,9999.000,9999.000,9999.000
202610051836,   0.927,   2.089,9999.000,9999.000,9999.000,9999.000,9999.000,9999.000,9999.000
202610051842,   0.931,   2.099,9999.000,9999.000,9999.000,9999.000,9999.000,9999.000,9999.000
202610051848,   0.935,   2.099,9999.000,9999.000,9999.000,9999.000,9999.000,9999.000,9999.000
202610051854,   0.938,   2.109,9999.000,9999.000,9999.000,9999.000,9999.000,9999.000,9999.000
202610051900,   0.942,   2.099,   0.700,   0.457,   2.099,   0.700,   2.099,   0.800,   2.199
202610051906,   0.945,   2.099,9999.000,9999.000,9999.000,9999.000,9999.000,9999.000,9999.000
202610051912,   0.949,   2.109,9999.000,9999.000,9999.000,9999.000,9999.000,9999.000,9999.000
202610051918,   0.952,   2.109,9999.000,9999.000,9999.000,9999.000,9999.000,9999.000,9999.000
202610051924,   0.955,   2.118,9999.000,9999.000,9999.000,9999.000,9999.000,9999.000,9999.000
202610051930,   0.958,   2.158,9999.000,9999.000,9999.000,9999.000,9999.000,9999.000,9999.000
202610051936,   0.961,   2.158,9999.000,9999.000,9999.000,9999.000,9999.000,9999.000,9999.000
202610051942,   0.963,   2.128,9999.000,9999.000,9999.000,9999.000,9999.000,9999.000,9999.000
202610051948,   0.966,   2.099,9999.000,9999.000,9999.000,9999.000,9999.000,9999.000,9999.000
202610051954,   0.968,   2.099,9999.000,9999.000,9999.000,9999.000,9999.000,9999.000,9999.000
202610052000,   0.970,   2.099,   0.700,   0.429,   2.099,   0.700,   2.099,   0.800,   2.199
202610052006,   0.972,   2.109,9999.000,9999.000,9999.000,9999.000,9999.000,9999.000,9999.000
202610052012,   0.974,   2.118,9999.000,9999.000,9999.000,9999.000,9999.000,9999.000,9999.000
202610052018,   0.976,   2.099,9999.000,9999.000,9999.000,9999.000,9999.000,9999.000,9999.000
202610052024,   0.977,   2.049,9999.000,9999.000,9999.000,9999.000,9999.000,9999.000,9999.000
202610052030,   0.978,   2.049,9999.000,9999.000,9999.000,9999.000,9999.000,9999.000,9999.000
202610052036,   0.979,   2.089,9999.000,9999.000,9999.000,9999.000,9999.000,9999.000,9999.000
202610052042,   0.980,   2.109,9999.000,9999.000,9999.000,9999.000,9999.000,9999.000,9999.000
202610052048,   0.981,   2.099,9999.000,9999.000,9999.000,9999.000,9999.000,9999.000,9999.000
202610052054,   0.981,   2.099,9999.000,9999.000,9999.000,9999.000,9999.000,9999.000,9999.000
202610052100,   0.982,   2.118,   0.700,   0.436,   2.118,   0.700,   2.118,   0.800,   2.218
202610052106,   0.982,   2.118,9999.000,9999.000,9999.000,9999.000,9999.000,9999.000,9999.000
202610052112,   0.982,   2.109,9999.000,9999.000,9999.000,9999.000,9999.000,9999.000,9999.000
202610052118,   0.981,   2.118,9999.000,9999.000,9999.000,9999.000,9999.000,9999.000,9999.000
202610052124,   0.981,   2.118,9999.000,9999.000,9999.000,9999.000,9999.000,9999.000,9999.000
202610052130,   0.980,   2.109,9999.000,9999.000,9999.000,9999.000,9999.000,9999.000,9999.000
202610052136,   0.979,   2.109,9999.000,9999.000,9999.000,9999.000,9999.000,9999.000,9999.000
202610052142,   0.978,   2.099,9999.000,9999.000,9999.000,9999.000,9999.000,9999.000,9999.000
202610052148,   0.976,   2.099,9999.000,9999.000,9999.000,9999.000,9999.000,9999.000,9999.000
202610052154,   0.975,   2.099,9999.000,9999.000,9999.000,9999.000,9999.000,9999.000,9999.000
202610052200,   0.973,   2.109,   0.700,   0.436,   2.109,   0.700,   2.109,   0.800,   2.209
202610052206,   0.971,   2.109,9999.000,9999.000,9999.000,9999.000,9999.000,9999.000,9999.000
202610052212,   0.969,   2.089,9999.000,9999.000,9999.000,9999.000,9999.000,9999.000,9999.000
202610052218,   0.967,   2.079,9999.000,9999.000,9999.000,9999.000,9999.000,9999.000,9999.000
202610052224,   0.964,   2.099,9999.000,9999.000,9999.000,9999.000,9999.000,9999.000,9999.000
202610052230,   0.961,   2.099,9999.000,9999.000,9999.000,9999.000,9999.000,9999.000,9999.000
202610052236,   0.958,   2.118,9999.000,9999.000,9999.000,9999.000,9999.000,9999.000,9999.000
202610052242,   0.955,   2.089,9999.000,9999.000,9999.000,9999.000,9999.000,9999.000,9999.000
202610052248,   0.952,   2.040,9999.000,9999.000,9999.000,9999.000,9999.000,9999.000,9999.000
202610052254,   0.949,   2.020,9999.000,9999.000,9999.000,9999.000,9999.000,9999.000,9999.000
202610052300,   0.945,   2.030,   0.700,   0.385,   2.030,   0.700,   2.030,   0.800,   2.130
202610052306,   0.942,   2.079,9999.000,9999.000,9999.000,9999.000,9999.000,9999.000,9999.000
202610052312,   0.938,   2.138,9999.000,9999.000,9999.000,9999.000,9999.000,9999.000,9999.000
202610052318,   0.934,   2.148,9999.000,9999.000,9999.000,9999.000,9999.000,9999.000,9999.000
202610052324,   0.930,   2.099,9999.000,9999.000,9999.000,9999.000,9999.000,9999.000,9999.000
202610052330,   0.926,   2.049,9999.000,9999.000,9999.000,9999.000,9999.000,9999.000,9999.000
202610052336,   0.921,   2.030,9999.000,9999.000,9999.000,9999.000,9999.000,9999.000,9999.000
202610052342,   0.917,   2.010,9999.000,9999.000,9999.000,9999.000,9999.000,9999.000,9999.000
202610052348,   0.912,   1.938,9999.000,9999.000,9999.000,9999.000,9999.000,9999.000,9999.000
202610052354,   0.908,   1.899,9999.000,9999.000,9999.000,9999.000,9999.000,9999.000,9999.000
202610060000,   0.903,   1.938,   0.700,   0.335,   1.938,   0.700,   1.938,   0.800,   2.038
202610060006,   0.898,   1.981,9999.000,9999.000,9999.000,9999.000,9999.000,9999.000,9999.000
202610060012,   0.894,   1.958,9999.000,9999.000,9999.000,9999.000,9999.000,9999.000,9999.000
202610060018,   0.889,   1.928,9999.000,9999.000,9999.000,9999.000,9999.000,9999.000,9999.000
202610060024,   0.884,   1.928,9999.000,9999.000,9999.000,9999.000,9999.000,9999.000,9999.000
202610060030,   0.879,   1.967,9999.000,9999.000,9999.000,9999.000,9999.000,9999.000,9999.000
202610060036,   0.873,   1.948,9999.000,9999.000,9999.000,9999.000,9999.000,9999.000,9999.000
202610060042,   0.868,   1.938,9999.000,9999.000,9999.000,9999.000,9999.000,9999.000,9999.000
202610060048,   0.863,   1.948,9999.000,9999.000,9999.000,9999.000,9999.000,9999.000,9999.000
202610060054,   0.858,   1.948,9999.000,9999.000,9999.000,9999.000,9999.000,9999.000,9999.000
202610060100,   0.852,   1.938,   0.700,   0.386,   1.938,   0.700,   1.938,   0.800,   2.038
202610060106,   0.847,   1.958,9999.000,9999.000,9999.000,9999.000,9999.000,9999.000,9999.000
202610060112,   0.842,   1.967,9999.000,9999.000,9999.000,9999.000,9999.000,9999.000,9999.000
202610060118,   0.836,   1.928,9999.000,9999.000,9999.000,9999.000,9999.000,9999.000,9999.000
202610060124,   0.830,   1.889,9999.000,9999.000,9999.000,9999.000,9999.000,9999.000,9999.000
202610060130,   0.825,   1.889,9999.000,9999.000,9999.000,9999.000,9999.000,9999.000,9999.000
202610060136,   0.819,   1.879,9999.000,9999.000,9999.000,9999.000,9999.000,9999.000,9999.000
202610060142,   0.814,   1.849,9999.000,9999.000,9999.000,9999.000,9999.000,9999.000,9999.000
202610060148,   0.808,   1.840,9999.000,9999.000,9999.000,9999.000,9999.000,9999.000,9999.000
202610060154,   0.802,   1.869,9999.000,9999.000,9999.000,9999.000,9999.000,9999.000,9999.000
202610060200,   0.796,   1.869,   0.700,   0.373,   1.869,   0.700,   1.869,   0.800,   1.969
202610060206,   0.790,   1.830,9999.000,9999.000,9999.000,9999.000,9999.000,9999.000,9999.000
202610060212,   0.785,   1.790,9999.000,9999.000,9999.000,9999.000,9999.000,9999.000,9999.000
202610060218,   0.779,   1.767,9999.000,9999.000,9999.000,9999.000,9999.000,9999.000,9999.000
202610060224,   0.773,   1.758,9999.000,9999.000,9999.000,9999.000,9999.000,9999.000,9999.000
202610060230,   0.767,   1.767,9999.000,9999.000,9999.000,9999.000,9999.000,9999.000,9999.000
202610060236,   0.761,   1.800,9999.000,9999.000,9999.000,9999.000,9999.000,9999.000,9999.000
202610060242,   0.755,   1.810,9999.000,9999.000,9999.000,9999.000,9999.000,9999.000,9999.000
202610060248,   0.749,   1.820,9999.000,9999.000,9999.000,9999.000,9999.000,9999.000,9999.000
202610060254,   0.743,   1.849,9999.000,9999.000,9999.000,9999.000,9999.000,9999.000,9999.000
202610060300,   0.736,   1.869,   0.700,   0.433,   1.869,   0.700,   1.869,   0.800,   1.969
202610060306,   0.730,   1.840,9999.000,9999.000,9999.000,9999.000,9999.000,9999.000,9999.000
202610060312,   0.724,   1.810,9999.000,9999.000,9999.000,9999.000,9999.000,9999.000,9999.000
202610060318,   0.718,   1.800,9999.000,9999.000,9999.000,9999.000,9999.000,9999.000,9999.000
202610060324,   0.712,   1.820,9999.000,9999.000,9999.000,9999.000,9999.000,9999.000,9999.000
202610060330,   0.705,   1.830,9999.000,9999.000,9999.000,9999.000,9999.000,9999.000,9999.000
202610060336,   0.699,   1.810,9999.000,9999.000,9999.000,9999.000,9999.000,9999.000,9999.000
202610060342,   0.693,   1.790,9999.000,9999.000,9999.000,9999.000,9999.000,9999.000,9999.000
202610060348,   0.687,   1.781,9999.000,9999.000,9999.000,9999.000,9999.000,9999.000,9999.000
202610060354,   0.681,   1.748,9999.000,9999.000,9999.000,9999.000,9999.000,9999.000,9999.000
202610060400,   0.674,   1.718,   0.700,   0.344,   1.718,   0.700,   1.718,   0.800,   1.818
202610060406,   0.668,   1.699,9999.000,9999.000,9999.000,9999.000,9999.000,9999.000,9999.000
202610060412,   0.662,   1.718,9999.000,9999.000,9999.000,9999.000,9999.000,9999.000,9999.000
202610060418,   0.656,   1.738,9999.000,9999.000,9999.000,9999.000,9999.000,9999.000,9999.000
202610060424,   0.650,   1.738,9999.000,9999.000,9999.000,9999.000,9999.000,9999.000,9999.000
202610060430,   0.644,   1.738,9999.000,9999.000,9999.000,9999.000,9999.000,9999.000,9999.000
202610060436,   0.638,   1.708,9999.000,9999.000,9999.000,9999.000,9999.000,9999.000,9999.000
202610060442,   0.633,   1.689,9999.000,9999.000,9999.000,9999.000,9999.000,9999.000,9999.000
202610060448,   0.627,   1.689,9999.000,9999.000,9999.000,9999.000,9999.000,9999.000,9999.000
202610060454,   0.621,   1.708,9999.000,9999.000,9999.000,9999.000,9999.000,9999.000,9999.000
202610060500,   0.616,   1.689,   0.700,   0.373,   1.689,   0.700,   1.689,   0.800,   1.789
202610060506,   0.610,   1.679,9999.000,9999.000,9999.000,9999.000,9999.000,9999.000,9999.000
202610060512,   0.605,   1.669,9999.000,9999.000,9999.000,9999.000,9999.000,9999.000,9999.000
202610060518,   0.600,   1.679,9999.000,9999.000,9999.000,9999.000,9999.000,9999.000,9999.000
202610060524,   0.595,   1.659,9999.000,9999.000,9999.000,9999.000,9999.000,9999.000,9999.000
202610060530,   0.590,   1.639,9999.000,9999.000,9999.000,9999.000,9999.000,9999.000,9999.000
202610060536,   0.585,   1.649,9999.000,9999.000,9999.000,9999.000,9999.000,9999.000,9999.000
202610060542,   0.580,   1.679,9999.000,9999.000,9999.000,9999.000,9999.000,9999.000,9999.000
202610060548,   0.576,   1.669,9999.000,9999.000,9999.000,9999.000,9999.000,9999.000,9999.000
202610060554,   0.571,   1.659,9999.000,9999.000,9999.000,9999.000,9999.000,9999.000,9999.000
202610060600,   0.567,   1.649,   0.700,   0.382,   1.649,   0.700,   1.649,   0.700,   1.649
202610060606,   0.563,   1.630,9999.000,9999.000,9999.000,9999.000,9999.000,9999.000,9999.000
202610060612,   0.559,   1.630,9999.000,9999.000,9999.000,9999.000,9999.000,9999.000,9999.000
202610060618,   0.556,   1.649,9999.000,9999.000,9999.000,9999.000,9999.000,9999.000,9999.000
202610060624,   0.552,   1.679,9999.000,9999.000,9999.000,9999.000,9999.000,9999.000,9999.000
202610060630,   0.549,   1.679,9999.000,9999.000,9999.000,9999.000,9999.000,9999.000,9999.000
202610060636,   0.546,   1.669,9999.000,9999.000,9999.000,9999.000,9999.000,9999.000,9999.000
202610060642,   0.543,   1.669,9999.000,9999.000,9999.000,9999.000,9999.000,9999.000,9999.000
202610060648,   0.540,   1.669,9999.000,9999.000,9999.000,9999.000,9999.000,9999.000,9999.000
202610060654,   0.537,   1.669,9999.000,9999.000,9999.000,9999.000,9999.000,9999.000,9999.000
202610060700,   0.535,   1.679,   0.700,   0.444,   1.679,   0.700,   1.679,   0.700,   1.679
202610060706,   0.533,   1.669,9999.000,9999.000,9999.000,9999.000,9999.000,9999.000,9999.000
202610060712,   0.531,   1.659,9999.000,9999.000,9999.000,9999.000,9999.000,9999.000,9999.000
202610060718,   0.529,   1.630,9999.000,9999.000,9999.000,9999.000,9999.000,9999.000,9999.000
202610060724,   0.528,   1.610,9999.000,9999.000,9999.000,9999.000,9999.000,9999.000,9999.000
202610060730,   0.526,   1.610,9999.000,9999.000,9999.000,9999.000,9999.000,9999.000,9999.000
202610060736,   0.525,   1.610,9999.000,9999.000,9999.000,9999.000,9999.000,9999.000,9999.000
202610060742,   0.524,   1.610,9999.000,9999.000,9999.000,9999.000,9999.000,9999.000,9999.000
202610060748,   0.523,   1.600,9999.000,9999.000,9999.000,9999.000,9999.000,9999.000,9999.000
202610060754,   0.522,   1.600,9999.000,9999.000,9999.000,9999.000,9999.000,9999.000,9999.000
202610060800,   0.521,   1.580,   0.700,   0.359,   1.580,   0.700,   1.580,   0.700,   1.580
202610060806,   0.521,   1.580,9999.000,9999.000,9999.000,9999.000,9999.000,9999.000,9999.000
202610060812,   0.521,   1.580,9999.000,9999.000,9999.000,9999.000,9999.000,9999.000,9999.000
202610060818,   0.521,   1.590,9999.000,9999.000,9999.000,9999.000,9999.000,9999.000,9999.000
202610060824,   0.521,   1.571,9999.000,9999.000,9999.000,9999.000,9999.000,9999.000,9999.000
202610060830,   0.521,   1.557,9999.000,9999.000,9999.000,9999.000,9999.000,9999.000,9999.000
202610060836,   0.521,   1.571,9999.000,9999.000,9999.000,9999.000,9999.000,9999.000,9999.000
202610060842,   0.521,   1.571,9999.000,9999.000,9999.000,9999.000,9999.000,9999.000,9999.000
202610060848,   0.522,   1.571,9999.000,9999.000,9999.000,9999.000,9999.000,9999.000,9999.000
202610060854,   0.522,   1.571,9999.000,9999.000,9999.000,9999.000,9999.000,9999.000,9999.000
202610060900,   0.523,   1.571,   0.700,   0.348,   1.571,   0.700,   1.571,   0.700,   1.571
202610060906,   0.524,   1.571,9999.000,9999.000,9999.000,9999.000,9999.000,9999.000,9999.000
202610060912,   0.525,   1.571,9999.000,9999.000,9999.000,9999.000,9999.000,9999.000,9999.000
202610060918,   0.526,   1.571,9999.000,9999.000,9999.000,9999.000,9999.000,9999.000,9999.000
202610060924,   0.527,   1.580,9999.000,9999.000,9999.000,9999.000,9999.000,9999.000,9999.000
202610060930,   0.528,   1.590,9999.000,9999.000,9999.000,9999.000,9999.000,9999.000,9999.000
202610060936,   0.530,   1.590,9999.000,9999.000,9999.000,9999.000,9999.000,9999.000,9999.000
202610060942,   0.531,   1.600,9999.000,9999.000,9999.000,9999.000,9999.000,9999.000,9999.000
202610060948,   0.532,   1.600,9999.000,9999.000,9999.000,9999.000,9999.000,9999.000,9999.000
202610060954,   0.534,   1.600,9999.000,9999.000,9999.000,9999.000,9999.000,9999.000,9999.000
202610061000,   0.535,   1.590,   0.700,   0.355,   1.590,   0.700,   1.590,   0.700,   1.590
202610061006,   0.537,   1.610,9999.000,9999.000,9999.000,9999.000,9999.000,9999.000,9999.000
202610061012,   0.539,   1.600,9999.000,9999.000,9999.000,9999.000,9999.000,9999.000,9999.000
202610061018,   0.541,   1.620,9999.000,9999.000,9999.000,9999.000,9999.000,9999.000,9999.000
202610061024,   0.542,   1.630,9999.000,9999.000,9999.000,9999.000,9999.000,9999.000,9999.000
202610061030,   0.544,   1.620,9999.000,9999.000,9999.000,9999.000,9999.000,9999.000,9999.000
202610061036,   0.546,   1.620,9999.000,9999.000,9999.000,9999.000,9999.000,9999.000,9999.000
202610061042,   0.548,   1.630,9999.000,9999.000,9999.000,9999.000,9999.000,9999.000,9999.000
202610061048,   0.550,   1.639,9999.000,9999.000,9999.000,9999.000,9999.000,9999.000,9999.000
202610061054,   0.553,   1.659,9999.000,9999.000,9999.000,9999.000,9999.000,9999.000,9999.000
202610061100,   0.555,   1.659,   0.700,   0.404,   1.659,   0.700,   1.659,   0.700,   1.659
202610061106,   0.557,   1.649,9999.000,9999.000,9999.000,9999.000,9999.000,9999.000,9999.000
202610061112,   0.559,   1.649,9999.000,9999.000,9999.000,9999.000,9999.000,9999.000,9999.000
202610061118,   0.562,   1.639,9999.000,9999.000,9999.000,9999.000,9999.000,9999.000,9999.000
202610061124,   0.564,   1.630,9999.000,9999.000,9999.000,9999.000,9999.000,9999.000,9999.000
202610061130,   0.567,   1.639,9999.000,9999.000,9999.000,9999.000,9999.000,9999.000,9999.000
202610061136,   0.570,   1.649,9999.000,9999.000,9999.000,9999.000,9999.000,9999.000,9999.000
202610061142,   0.572,   1.649,9999.000,9999.000,9999.000,9999.000,9999.000,9999.000,9999.000
202610061148,   0.575,   1.639,9999.000,9999.000,9999.000,9999.000,9999.000,9999.000,9999.000
202610061154,   0.578,   1.639,9999.000,9999.000,9999.000,9999.000,9999.000,9999.000,9999.000
202610061200,   0.581,   1.659,   0.700,   0.378,   1.659,   0.700,   1.659,   0.700,   1.659
202610061206,   0.584,   1.659,9999.000,9999.000,9999.000,9999.000,9999.000,9999.000,9999.000
202610061212,   0.587,   1.659,9999.000,9999.000,9999.000,9999.000,9999.000,9999.000,9999.000
202610061218,   0.590,   1.679,9999.000,9999.000,9999.000,9999.000,9999.000,9999.000,9999.000
202610061224,   0.593,   1.689,9999.000,9999.000,9999.000,9999.000,9999.000,9999.000,9999.000
202610061230,   0.597,   1.699,9999.000,9999.000,9999.000,9999.000,9999.000,9999.000,9999.000
202610061236,   0.600,   1.689,9999.000,9999.000,9999.000,9999.000,9999.000,9999.000,9999.000
202610061242,   0.604,   1.689,9999.000,9999.000,9999.000,9999.000,9999.000,9999.000,9999.000
202610061248,   0.607,   1.699,9999.000,9999.000,9999.000,9999.000,9999.000,9999.000,9999.000
202610061254,   0.611,   1.718,9999.000,9999.000,9999.000,9999.000,9999.000,9999.000,9999.000
202610061300,   0.614,   1.708,   0.700,   0.394,   1.708,   0.700,   1.708,   0.700,   1.708
202610061306,   0.618,   1.708,9999.000,9999.000,9999.000,9999.000,9999.000,9999.000,9999.000
202610061312,   0.622,   1.708,9999.000,9999.000,9999.000,9999.000,9999.000,9999.000,9999.000
202610061318,   0.626,   1.728,9999.000,9999.000,9999.000,9999.000,9999.000,9999.000,9999.000
202610061324,   0.630,   1.728,9999.000,9999.000,9999.000,9999.000,9999.000,9999.000,9999.000
202610061330,   0.634,   1.718,9999.000,9999.000,9999.000,9999.000,9999.000,9999.000,9999.000
202610061336,   0.638,   1.728,9999.000,9999.000,9999.000,9999.000,9999.000,9999.000,9999.000
202610061342,   0.642,   1.738,9999.000,9999.000,9999.000,9999.000,9999.000,9999.000,9999.000
202610061348,   0.646,   1.738,9999.000,9999.000,9999.000,9999.000,9999.000,9999.000,9999.000
202610061354,   0.650,   1.728,9999.000,9999.000,9999.000,9999.000,9999.000,9999.000,9999.000
202610061400,   0.654,   1.748,   0.700,   0.394,   1.748,   0.700,   1.748,   0.700,   1.748
202610061406,   0.658,   1.758,9999.000,9999.000,9999.000,9999.000,9999.000,9999.000,9999.000
202610061412,   0.662,   1.767,9999.000,9999.000,9999.000,9999.000,9999.000,9999.000,9999.000
202610061418,   0.667,   1.781,9999.000,9999.000,9999.000,9999.000,9999.000,9999.000,9999.000
202610061424,   0.671,   1.790,9999.000,9999.000,9999.000,9999.000,9999.000,9999.000,9999.000
202610061430,   0.675,   1.781,9999.000,9999.000,9999.000,9999.000,9999.000,9999.000,9999.000
202610061436,   0.680,   1.790,9999.000,9999.000,9999.000,9999.000,9999.000,9999.000,9999.000
202610061442,   0.684,   1.800,9999.000,9999.000,9999.000,9999.000,9999.000,9999.000,9999.000
202610061448,   0.689,   1.810,9999.000,9999.000,9999.000,9999.000,9999.000,9999.000,9999.000
202610061454,   0.693,   1.800,9999.000,9999.000,9999.000,9999.000,9999.000,9999.000,9999.000
202610061500,   0.697,   1.810,   0.700,   0.413,   1.810,   0.700,   1.810,   0.700,   1.810
202610061506,   0.702,   1.830,9999.000,9999.000,9999.000,9999.000,9999.000,9999.000,9999.000
202610061512,   0.706,   1.849,9999.000,9999.000,9999.000,9999.000,9999.000,9999.000,9999.000
202610061518,   0.711,   1.840,9999.000,9999.000,9999.000,9999.000,9999.000,9999.000,9999.000
202610061524,   0.715,   1.840,9999.000,9999.000,9999.000,9999.000,9999.000,9999.000,9999.000
202610061530,   0.720,   1.840,9999.000,9999.000,9999.000,9999.000,9999.000,9999.000,9999.000
202610061536,   0.724,   1.849,9999.000,9999.000,9999.000,9999.000,9999.000,9999.000,9999.000
202610061542,   0.729,   1.859,9999.000,9999.000,9999.000,9999.000,9999.000,9999.000,9999.000
202610061548,   0.733,   1.849,9999.000,9999.000,9999.000,9999.000,9999.000,9999.000,9999.000
202610061554,   0.738,   1.830,9999.000,9999.000,9999.000,9999.000,9999.000,9999.000,9999.000
202610061600,   0.742,   1.820,   0.700,   0.378,   1.820,   0.700,   1.820,   0.700,   1.820
202610061606,   0.747,   1.820,9999.000,9999.000,9999.000,9999.000,9999.000,9999.000,9999.000
202610061612,   0.751,   1.800,9999.000,9999.000,9999.000,9999.000,9999.000,9999.000,9999.000
202610061618,   0.756,   1.810,9999.000,9999.000,9999.000,9999.000,9999.000,9999.000,9999.000
202610061624,   0.760,   1.810,9999.000,9999.000,9999.000,9999.000,9999.000,9999.000,9999.000
202610061630,   0.765,   1.810,9999.000,9999.000,9999.000,9999.000,9999.000,9999.000,9999.000
202610061636,   0.769,   1.810,9999.000,9999.000,9999.000,9999.000,9999.000,9999.000,9999.000
202610061642,   0.774,   1.840,9999.000,9999.000,9999.000,9999.000,9999.000,9999.000,9999.000
202610061648,   0.778,   1.879,9999.000,9999.000,9999.000,9999.000,9999.000,9999.000,9999.000
202610061654,   0.783,   1.889,9999.000,9999.000,9999.000,9999.000,9999.000,9999.000,9999.000
202610061700,   0.787,   1.869,   0.700,   0.382,   1.869,   0.700,   1.869,   0.700,   1.869
202610061706,   0.792,   1.899,9999.000,9999.000,9999.000,9999.000,9999.000,9999.000,9999.000
202610061712,   0.796,   1.908,9999.000,9999.000,9999.000,9999.000,9999.000,9999.000,9999.000
202610061718,   0.801,   1.908,9999.000,9999.000,9999.000,9999.000,9999.000,9999.000,9999.000
202610061724,   0.805,   1.899,9999.000,9999.000,9999.000,9999.000,9999.000,9999.000,9999.000
202610061730,   0.810,   1.899,9999.000,9999.000,9999.000,9999.000,9999.000,9999.000,9999.000
202610061736,   0.814,   1.908,9999.000,9999.000,9999.000,9999.000,9999.000,9999.000,9999.000
202610061742,   0.819,   1.918,9999.000,9999.000,9999.000,9999.000,9999.000,9999.000,9999.000
202610061748,   0.823,   1.899,9999.000,9999.000,9999.000,9999.000,9999.000,9999.000,9999.000
202610061754,   0.828,   1.889,9999.000,9999.000,9999.000,9999.000,9999.000,9999.000,9999.000
202610061800,   0.832,   1.899,   0.700,   0.367,   1.899,   0.700,   1.899,   0.700,   1.899
202610061806,   0.836,   1.918,9999.000,9999.000,9999.000,9999.000,9999.000,9999.000,9999.000
202610061812,   0.841,   1.908,9999.000,9999.000,9999.000,9999.000,9999.000,9999.000,9999.000
202610061818,   0.845,   1.908,9999.000,9999.000,9999.000,9999.000,9999.000,9999.000,9999.000
202610061824,   0.850,   1.918,9999.000,9999.000,9999.000,9999.000,9999.000,9999.000,9999.000
202610061830,   0.854,   1.938,9999.000,9999.000,9999.000,9999.000,9999.000,9999.000,9999.000
202610061836,   0.858,   1.948,9999.000,9999.000,9999.000,9999.000,9999.000,9999.000,9999.000
202610061842,   0.863,   1.948,9999.000,9999.000,9999.000,9999.000,9999.000,9999.000,9999.000
202610061848,   0.867,   1.958,9999.000,9999.000,9999.000,9999.000,9999.000,9999.000,9999.000
202610061854,   0.871,   1.981,9999.000,9999.000,9999.000,9999.000,9999.000,9999.000,9999.000
202610061900,   0.875,   1.981,   0.700,   0.406,   1.981,   0.700,   1.981,   0.700,   1.981
202610061906,   0.880,   1.981,9999.000,9999.000,9999.000,9999.000,9999.000,9999.000,9999.000
202610061912,   0.884,   1.990,9999.000,9999.000,9999.000,9999.000,9999.000,9999.000,9999.000
202610061918,   0.887,   2.000,9999.000,9999.000,9999.000,9999.000,9999.000,9999.000,9999.000
202610061924,   0.891,   1.990,9999.000,9999.000,9999.000,9999.000,9999.000,9999.000,9999.000
202610061930,   0.895,   1.990,9999.000,9999.000,9999.000,9999.000,9999.000,9999.000,9999.000
202610061936,   0.899,   2.000,9999.000,9999.000,9999.000,9999.000,9999.000,9999.000,9999.000
202610061942,   0.902,   2.000,9999.000,9999.000,9999.000,9999.000,9999.000,9999.000,9999.000
202610061948,   0.906,   1.990,9999.000,9999.000,9999.000,9999.000,9999.000,9999.000,9999.000
202610061954,   0.909,   1.990,9999.000,9999.000,9999.000,9999.000,9999.000,9999.000,9999.000
202610062000,   0.912,   2.000,   0.700,   0.388,   2.000,   0.700,   2.000,   0.700,   2.000
202610062006,   0.915,   2.000,9999.000,9999.000,9999.000,9999.000,9999.000,9999.000,9999.000
202610062012,   0.918,   2.000,9999.000,9999.000,9999.000,9999.000,9999.000,9999.000,9999.000
202610062018,   0.921,   2.000,9999.000,9999.000,9999.000,9999.000,9999.000,9999.000,9999.000
202610062024,   0.924,   2.020,9999.000,9999.000,9999.000,9999.000,9999.000,9999.000,9999.000
202610062030,   0.926,   2.020,9999.000,9999.000,9999.000,9999.000,9999.000,9999.000,9999.000
202610062036,   0.929,   2.010,9999.000,9999.000,9999.000,9999.000,9999.000,9999.000,9999.000
202610062042,   0.931,   2.020,9999.000,9999.000,9999.000,9999.000,9999.000,9999.000,9999.000
202610062048,   0.933,   2.040,9999.000,9999.000,9999.000,9999.000,9999.000,9999.000,9999.000
202610062054,   0.934,   2.040,9999.000,9999.000,9999.000,9999.000,9999.000,9999.000,9999.000
202610062100,   0.936,   2.030,   0.700,   0.394,   2.030,   0.700,   2.030,   0.700,   2.030
202610062106,   0.938,   2.049,9999.000,9999.000,9999.000,9999.000,9999.000,9999.000,9999.000
202610062112,   0.939,   2.059,9999.000,9999.000,9999.000,9999.000,9999.000,9999.000,9999.000
202610062118,   0.940,   2.049,9999.000,9999.000,9999.000,9999.000,9999.000,9999.000,9999.000
202610062124,   0.941,   2.040,9999.000,9999.000,9999.000,9999.000,9999.000,9999.000,9999.000
202610062130,   0.941,   2.049,9999.000,9999.000,9999.000,9999.000,9999.000,9999.000,9999.000
202610062136,   0.942,   2.069,9999.000,9999.000,9999.000,9999.000,9999.000,9999.000,9999.000
202610062142,   0.942,   2.069,9999.000,9999.000,9999.000,9999.000,9999.000,9999.000,9999.000
202610062148,   0.942,   2.059,9999.000,9999.000,9999.000,9999.000,9999.000,9999.000,9999.000
202610062154,   0.942,   2.069,9999.000,9999.000,9999.000,9999.000,9999.000,9999.000,9999.000
202610062200,   0.942,   2.079,   0.700,   0.437,   2.079,   0.700,   2.079,   0.700,   2.079
202610062206,   0.941,   2.079,9999.000,9999.000,9999.000,9999.000,9999.000,9999.000,9999.000
202610062212,   0.941,   2.059,9999.000,9999.000,9999.000,9999.000,9999.000,9999.000,9999.000
202610062218,   0.940,   2.059,9999.000,9999.000,9999.000,9999.000,9999.000,9999.000,9999.000
202610062224,   0.939,   2.069,9999.000,9999.000,9999.000,9999.000,9999.000,9999.000,9999.000
202610062230,   0.937,   2.069,9999.000,9999.000,9999.000,9999.000,9999.000,9999.000,9999.000
202610062236,   0.936,   2.059,9999.000,9999.000,9999.000,9999.000,9999.000,9999.000,9999.000
202610062242,   0.935,   2.059,9999.000,9999.000,9999.000,9999.000,9999.000,9999.000,9999.000
202610062248,   0.933,   2.079,9999.000,9999.000,9999.000,9999.000,9999.000,9999.000,9999.000
202610062254,   0.931,   2.079,9999.000,9999.000,9999.000,9999.000,9999.000,9999.000,9999.000
202610062300,   0.929,   2.069,   0.700,   0.440,   2.069,   0.700,   2.069,   0.700,   2.069
202610062306,   0.927,   2.069,9999.000,9999.000,9999.000,9999.000,9999.000,9999.000,9999.000
202610062312,   0.925,   2.079,9999.000,9999.000,9999.000,9999.000,9999.000,9999.000,9999.000
202610062318,   0.922,   2.069,9999.000,9999.000,9999.000,9999.000,9999.000,9999.000,9999.000
202610062324,   0.920,   2.059,9999.000,9999.000,9999.000,9999.000,9999.000,9999.000,9999.000
202610062330,   0.917,   2.059,9999.000,9999.000,9999.000,9999.000,9999.000,9999.000,9999.000
202610062336,   0.914,   2.059,9999.000,9999.000,9999.000,9999.000,9999.000,9999.000,9999.000
202610062342,   0.911,   2.049,9999.000,9999.000,9999.000,9999.000,9999.000,9999.000,9999.000
202610062348,   0.908,   2.040,9999.000,9999.000,9999.000,9999.000,9999.000,9999.000,9999.000
202610062354,   0.905,   2.040,9999.000,9999.000,9999.000,9999.000,9999.000,9999.000,9999.000
202610070000,   0.902,   2.040,   0.700,   0.438,   2.040,   0.700,   2.040,   0.700,   2.040
202610070006,   0.899,   2.030,9999.000,9999.000,9999.000,9999.000,9999.000,9999.000,9999.000
202610070012,   0.895,   2.020,9999.000,9999.000,9999.000,9999.000,9999.000,9999.000,9999.000
202610070018,   0.892,   2.010,9999.000,9999.000,9999.000,9999.000,9999.000,9999.000,9999.000
202610070024,   0.888,   2.020,9999.000,9999.000,9999.000,9999.000,9999.000,9999.000,9999.000
202610070030,   0.885,   2.020,9999.000,9999.000,9999.000,9999.000,9999.000,9999.000,9999.000
202610070036,   0.881,   2.020,9999.000,9999.000,9999.000,9999.000,9999.000,9999.000,9999.000
202610070042,   0.877,   2.010,9999.000,9999.000,9999.000,9999.000,9999.000,9999.000,9999.000
202610070048,   0.873,   2.010,9999.000,9999.000,9999.000,9999.000,9999.000,9999.000,9999.000
202610070054,   0.869,   2.010,9999.000,9999.000,9999.000,9999.000,9999.000,9999.000,9999.000
202610070100,   0.865,   2.000,   0.700,   0.435,   2.000,   0.700,   2.000,   0.700,   2.000
202610070106,   0.861,   2.000,9999.000,9999.000,9999.000,9999.000,9999.000,9999.000,9999.000
202610070112,   0.857,   1.990,9999.000,9999.000,9999.000,9999.000,9999.000,9999.000,9999.000
202610070118,   0.853,   1.981,9999.000,9999.000,9999.000,9999.000,9999.000,9999.000,9999.000
202610070124,   0.849,   1.981,9999.000,9999.000,9999.000,9999.000,9999.000,9999.000,9999.000
202610070130,   0.845,   1.981,9999.000,9999.000,9999.000,9999.000,9999.000,9999.000,9999.000
202610070136,   0.840,   1.967,9999.000,9999.000,9999.000,9999.000,9999.000,9999.000,9999.000
202610070142,   0.836,   1.958,9999.000,9999.000,9999.000,9999.000,9999.000,9999.000,9999.000
202610070148,   0.832,   1.948,9999.000,9999.000,9999.000,9999.000,9999.000,9999.000,9999.000
202610070154,   0.827,   1.948,9999.000,9999.000,9999.000,9999.000,9999.000,9999.000,9999.000
202610070200,   0.823,   1.938,   0.700,   0.415,   1.938,   0.700,   1.938,   0.700,   1.938
202610070206,   0.818,   1.938,9999.000,9999.000,9999.000,9999.000,9999.000,9999.000,9999.000
202610070212,   0.813,   1.938,9999.000,9999.000,9999.000,9999.000,9999.000,9999.000,9999.000
202610070218,   0.809,   1.938,9999.000,9999.000,9999.000,9999.000,9999.000,9999.000,9999.000
202610070224,   0.804,   1.938,9999.000,9999.000,9999.000,9999.000,9999.000,9999.000,9999.000
202610070230,   0.799,   1.938,9999.000,9999.000,9999.000,9999.000,9999.000,9999.000,9999.000
202610070236,   0.794,   1.928,9999.000,9999.000,9999.000,9999.000,9999.000,9999.000,9999.000
202610070242,   0.789,   1.918,9999.000,9999.000,9999.000,9999.000,9999.000,9999.000,9999.000
202610070248,   0.784,   1.908,9999.000,9999.000,9999.000,9999.000,9999.000,9999.000,9999.000
202610070254,   0.779,   1.908,9999.000,9999.000,9999.000,9999.000,9999.000,9999.000,9999.000
202610070300,   0.774,   1.899,   0.700,   0.425,   1.899,   0.700,   1.899,   0.800,   1.999
202610070306,   0.769,   1.879,9999.000,9999.000,9999.000,9999.000,9999.000,9999.000,9999.000
202610070312,   0.764,   1.869,9999.000,9999.000,9999.000,9999.000,9999.000,9999.000,9999.000
202610070318,   0.759,   1.859,9999.000,9999.000,9999.000,9999.000,9999.000,9999.000,9999.000
202610070324,   0.754,   1.859,9999.000,9999.000,9999.000,9999.000,9999.000,9999.000,9999.000
202610070330,   0.749,   1.849,9999.000,9999.000,9999.000,9999.000,9999.000,9999.000,9999.000
202610070336,   0.743,   1.830,9999.000,9999.000,9999.000,9999.000,9999.000,9999.000,9999.000
202610070342,   0.738,   1.830,9999.000,9999.000,9999.000,9999.000,9999.000,9999.000,9999.000
202610070348,   0.733,   1.820,9999.000,9999.000,9999.000,9999.000,9999.000,9999.000,9999.000
202610070354,   0.728,   1.810,9999.000,9999.000,9999.000,9999.000,9999.000,9999.000,9999.000
202610070400,   0.722,   1.800,   0.700,   0.378,   1.800,   0.700,   1.800,   0.800,   1.900
202610070406,   0.717,   1.790,9999.000,9999.000,9999.000,9999.000,9999.000,9999.000,9999.000
202610070412,   0.712,   1.781,9999.000,9999.000,9999.000,9999.000,9999.000,9999.000,9999.000
202610070418,   0.706,   1.767,9999.000,9999.000,9999.000,9999.000,9999.000,9999.000,9999.000
202610070424,   0.701,   1.767,9999.000,9999.000,9999.000,9999.000,9999.000,9999.000,9999.000
202610070430,   0.696,   1.748,9999.000,9999.000,9999.000,9999.000,9999.000,9999.000,9999.000
202610070436,   0.691,   1.738,9999.000,9999.000,9999.000,9999.000,9999.000,9999.000,9999.000
202610070442,   0.686,   1.748,9999.000,9999.000,9999.000,9999.000,9999.000,9999.000,9999.000
202610070448,   0.681,   1.758,9999.000,9999.000,9999.000,9999.000,9999.000,9999.000,9999.000
202610070454,   0.676,   1.748,9999.000,9999.000,9999.000,9999.000,9999.000,9999.000,9999.000
202610070500,   0.671,   1.728,   0.700,   0.357,   1.728,   0.700,   1.728,   0.800,   1.828
202610070506,   0.666,   1.738,9999.000,9999.000,9999.000,9999.000,9999.000,9999.000,9999.000
202610070512,   0.661,   1.738,9999.000,9999.000,9999.000,9999.000,9999.000,9999.000,9999.000
202610070518,   0.656,   1.718,9999.000,9999.000,9999.000,9999.000,9999.000,9999.000,9999.000
202610070524,   0.651,   1.718,9999.000,9999.000,9999.000,9999.000,9999.000,9999.000,9999.000
202610070530,   0.647,   1.728,9999.000,9999.000,9999.000,9999.000,9999.000,9999.000,9999.000
202610070536,   0.643,   1.728,9999.000,9999.000,9999.000,9999.000,9999.000,9999.000,9999.000
202610070542,   0.638,   1.728,9999.000,9999.000,9999.000,9999.000,9999.000,9999.000,9999.000
202610070548,   0.634,   1.748,9999.000,9999.000,9999.000,9999.000,9999.000,9999.000,9999.000
202610070554,   0.630,   1.758,9999.000,9999.000,9999.000,9999.000,9999.000,9999.000,9999.000
202610070600,   0.626,   1.748,   0.700,   0.422,   1.748,   0.700,   1.748,   0.800,   1.848
202610070606,   0.622,   1.738,9999.000,9999.000,9999.000,9999.000,9999.000,9999.000,9999.000
202610070612,   0.619,   1.738,9999.000,9999.000,9999.000,9999.000,9999.000,9999.000,9999.000
202610070618,   0.615,   1.728,9999.000,9999.000,9999.000,9999.000,9999.000,9999.000,9999.000
202610070624,   0.612,   1.718,9999.000,9999.000,9999.000,9999.000,9999.000,9999.000,9999.000
202610070630,   0.609,   1.699,9999.000,9999.000,9999.000,9999.000,9999.000,9999.000,9999.000
202610070636,   0.606,   1.699,9999.000,9999.000,9999.000,9999.000,9999.000,9999.000,9999.000
202610070642,   0.603,   1.689,9999.000,9999.000,9999.000,9999.000,9999.000,9999.000,9999.000
202610070648,   0.600,   1.679,9999.000,9999.000,9999.000,9999.000,9999.000,9999.000,9999.000
202610070654,   0.597,   1.689,9999.000,9999.000,9999.000,9999.000,9999.000,9999.000,9999.000
202610070700,   0.595,   1.689,   0.800,   0.294,   1.689,   0.700,   1.589,   0.800,   1.689
202610070706,   0.593,   1.689,9999.000,9999.000,9999.000,9999.000,9999.000,9999.000,9999.000
202610070712,   0.590,   1.679,9999.000,9999.000,9999.000,9999.000,9999.000,9999.000,9999.000
202610070718,   0.589,   1.689,9999.000,9999.000,9999.000,9999.000,9999.000,9999.000,9999.000
202610070724,   0.587,   1.689,9999.000,9999.000,9999.000,9999.000,9999.000,9999.000,9999.000
202610070730,   0.585,   1.689,9999.000,9999.000,9999.000,9999.000,9999.000,9999.000,9999.000
202610070736,   0.584,   1.699,9999.000,9999.000,9999.000,9999.000,9999.000,9999.000,9999.000
202610070742,   0.582,   1.708,9999.000,9999.000,9999.000,9999.000,9999.000,9999.000,9999.000
202610070748,   0.581,   1.708,9999.000,9999.000,9999.000,9999.000,9999.000,9999.000,9999.000
202610070754,   0.580,   1.708,9999.000,9999.000,9999.000,9999.000,9999.000,9999.000,9999.000
202610070800,   0.579,   1.728,   0.800,   0.349,   1.728,   0.700,   1.628,   0.800,   1.728
202610070806,   0.578,   1.738,9999.000,9999.000,9999.000,9999.000,9999.000,9999.000,9999.000
202610070812,   0.577,   1.738,9999.000,9999.000,9999.000,9999.000,9999.000,9999.000,9999.000
202610070818,   0.577,   1.738,9999.000,9999.000,9999.000,9999.000,9999.000,9999.000,9999.000
202610070824,   0.576,   1.748,9999.000,9999.000,9999.000,9999.000,9999.000,9999.000,9999.000
202610070830,   0.576,   1.738,9999.000,9999.000,9999.000,9999.000,9999.000,9999.000,9999.000
202610070836,   0.576,   1.728,9999.000,9999.000,9999.000,9999.000,9999.000,9999.000,9999.000
202610070842,   0.575,   1.748,9999.000,9999.000,9999.000,9999.000,9999.000,9999.000,9999.000
202610070848,   0.575,   1.748,9999.000,9999.000,9999.000,9999.000,9999.000,9999.000,9999.000
202610070854,   0.575,   1.728,9999.000,9999.000,9999.000,9999.000,9999.000,9999.000,9999.000
202610070900,   0.575,   1.718,   0.800,   0.343,   1.718,   0.700,   1.618,   0.800,   1.718
202610070906,   0.576,   1.728,9999.000,9999.000,9999.000,9999.000,9999.000,9999.000,9999.000
202610070912,   0.576,   1.738,9999.000,9999.000,9999.000,9999.000,9999.000,9999.000,9999.000
202610070918,   0.576,   1.728,9999.000,9999.000,9999.000,9999.000,9999.000,9999.000,9999.000
202610070924,   0.577,   1.728,9999.000,9999.000,9999.000,9999.000,9999.000,9999.000,9999.000
202610070930,   0.577,   1.748,9999.000,9999.000,9999.000,9999.000,9999.000,9999.000,9999.000
202610070936,   0.578,   1.767,9999.000,9999.000,9999.000,9999.000,9999.000,9999.000,9999.000
202610070942,   0.578,   1.767,9999.000,9999.000,9999.000,9999.000,9999.000,9999.000,9999.000
202610070948,   0.579,   1.767,9999.000,9999.000,9999.000,9999.000,9999.000,9999.000,9999.000
202610070954,   0.579,   1.781,9999.000,9999.000,9999.000,9999.000,9999.000,9999.000,9999.000
202610071000,   0.580,   1.810,   0.800,   0.430,   1.810,   0.700,   1.710,   0.800,   1.810
202610071006,   0.581,   1.800,9999.000,9999.000,9999.000,9999.000,9999.000,9999.000,9999.000
202610071012,   0.582,   1.800,9999.000,9999.000,9999.000,9999.000,9999.000,9999.000,9999.000
202610071018,   0.583,   1.800,9999.000,9999.000,9999.000,9999.000,9999.000,9999.000,9999.000
202610071024,   0.584,   1.800,9999.000,9999.000,9999.000,9999.000,9999.000,9999.000,9999.000
202610071030,   0.585,   1.800,9999.000,9999.000,9999.000,9999.000,9999.000,9999.000,9999.000
202610071036,   0.586,   1.790,9999.000,9999.000,9999.000,9999.000,9999.000,9999.000,9999.000
202610071042,   0.587,   1.800,9999.000,9999.000,9999.000,9999.000,9999.000,9999.000,9999.000
202610071048,   0.588,   1.790,9999.000,9999.000,9999.000,9999.000,9999.000,9999.000,9999.000
202610071054,   0.589,   1.800,9999.000,9999.000,9999.000,9999.000,9999.000,9999.000,9999.000
202610071100,   0.590,   1.790,   0.800,   0.400,   1.790,   0.700,   1.690,   0.800,   1.790
202610071106,   0.591,   1.800,9999.000,9999.000,9999.000,9999.000,9999.000,9999.000,9999.000
202610071112,   0.593,   1.830,9999.000,9999.000,9999.000,9999.000,9999.000,9999.000,9999.000
202610071118,   0.594,   1.859,9999.000,9999.000,9999.000,9999.000,9999.000,9999.000,9999.000
202610071124,   0.595,   1.869,9999.000,9999.000,9999.000,9999.000,9999.000,9999.000,9999.000
202610071130,   0.597,   1.859,9999.000,9999.000,9999.000,9999.000,9999.000,9999.000,9999.000
202610071136,   0.598,   1.859,9999.000,9999.000,9999.000,9999.000,9999.000,9999.000,9999.000
202610071142,   0.600,   1.869,9999.000,9999.000,9999.000,9999.000,9999.000,9999.000,9999.000
202610071148,   0.601,   1.869,9999.000,9999.000,9999.000,9999.000,9999.000,9999.000,9999.000
202610071154,   0.603,   1.879,9999.000,9999.000,9999.000,9999.000,9999.000,9999.000,9999.000
202610071200,   0.605,   1.879,   0.800,   0.474,   1.879,   0.800,   1.879,   0.800,   1.879
202610071206,   0.606,   1.889,9999.000,9999.000,9999.000,9999.000,9999.000,9999.000,9999.000
202610071212,   0.608,   1.899,9999.000,9999.000,9999.000,9999.000,9999.000,9999.000,9999.000
202610071218,   0.610,   1.918,9999.000,9999.000,9999.000,9999.000,9999.000,9999.000,9999.000
202610071224,   0.612,   1.928,9999.000,9999.000,9999.000,9999.000,9999.000,9999.000,9999.000
202610071230,   0.614,   1.918,9999.000,9999.000,9999.000,9999.000,9999.000,9999.000,9999.000
202610071236,   0.616,   1.918,9999.000,9999.000,9999.000,9999.000,9999.000,9999.000,9999.000
202610071242,   0.618,   1.908,9999.000,9999.000,9999.000,9999.000,9999.000,9999.000,9999.000
202610071248,   0.620,   1.918,9999.000,9999.000,9999.000,9999.000,9999.000,9999.000,9999.000
202610071254,   0.622,   1.918,9999.000,9999.000,9999.000,9999.000,9999.000,9999.000,9999.000
202610071300,   0.624,   1.918,   0.800,   0.494,   1.918,   0.800,   1.918,   0.800,   1.918
202610071306,   0.626,   1.918,9999.000,9999.000,9999.000,9999.000,9999.000,9999.000,9999.000
202610071312,   0.629,   1.928,9999.000,9999.000,9999.000,9999.000,9999.000,9999.000,9999.000
202610071318,   0.631,   1.928,9999.000,9999.000,9999.000,9999.000,9999.000,9999.000,9999.000
202610071324,   0.633,   1.918,9999.000,9999.000,9999.000,9999.000,9999.000,9999.000,9999.000
202610071330,   0.636,   1.928,9999.000,9999.000,9999.000,9999.000,9999.000,9999.000,9999.000
202610071336,   0.638,   1.918,9999.000,9999.000,9999.000,9999.000,9999.000,9999.000,9999.000
202610071342,   0.640,   1.958,9999.000,9999.000,9999.000,9999.000,9999.000,9999.000,9999.000
202610071348,   0.643,   1.967,9999.000,9999.000,9999.000,9999.000,9999.000,9999.000,9999.000
202610071354,   0.645,   1.990,9999.000,9999.000,9999.000,9999.000,9999.000,9999.000,9999.000
202610071400,   0.648,   2.000,   0.800,   0.552,   2.000,   0.800,   2.000,   0.800,   2.000
202610071406,   0.650,   2.010,9999.000,9999.000,9999.000,9999.000,9999.000,9999.000,9999.000
202610071412,   0.653,   2.000,9999.000,9999.000,9999.000,9999.000,9999.000,9999.000,9999.000
202610071418,   0.656,   2.010,9999.000,9999.000,9999.000,9999.000,9999.000,9999.000,9999.000
202610071424,   0.658,   2.010,9999.000,9999.000,9999.000,9999.000,9999.000,9999.000,9999.000
202610071430,   0.661,   2.010,9999.000,9999.000,9999.000,9999.000,9999.000,9999.000,9999.000
202610071436,   0.664,   2.040,9999.000,9999.000,9999.000,9999.000,9999.000,9999.000,9999.000
202610071442,   0.666,   2.040,9999.000,9999.000,9999.000,9999.000,9999.000,9999.000,9999.000
202610071448,   0.669,   2.040,9999.000,9999.000,9999.000,9999.000,9999.000,9999.000,9999.000
202610071454,   0.672,   2.010,9999.000,9999.000,9999.000,9999.000,9999.000,9999.000,9999.000
202610071500,   0.674,   2.030,   0.800,   0.556,   2.030,   0.800,   2.030,   0.800,   2.030
202610071506,   0.677,   2.049,9999.000,9999.000,9999.000,9999.000,9999.000,9999.000,9999.000
202610071512,   0.680,   2.040,9999.000,9999.000,9999.000,9999.000,9999.000,9999.000,9999.000
202610071518,   0.682,   2.030,9999.000,9999.000,9999.000,9999.000,9999.000,9999.000,9999.000
202610071524,   0.685,   2.020,9999.000,9999.000,9999.000,9999.000,9999.000,9999.000,9999.000
202610071530,   0.688,   2.049,9999.000,9999.000,9999.000,9999.000,9999.000,9999.000,9999.000
202610071536,   0.691,   2.049,9999.000,9999.000,9999.000,9999.000,9999.000,9999.000,9999.000
202610071542,   0.693,   2.049,9999.000,9999.000,9999.000,9999.000,9999.000,9999.000,9999.000
202610071548,   0.696,   2.069,9999.000,9999.000,9999.000,9999.000,9999.000,9999.000,9999.000
202610071554,   0.699,   2.089,9999.000,9999.000,9999.000,9999.000,9999.000,9999.000,9999.000
202610071600,   0.702,   2.079,   0.800,   0.577,   2.079,   0.800,   2.079,   0.800,   2.079
202610071606,   0.705,   2.089,9999.000,9999.000,9999.000,9999.000,9999.000,9999.000,9999.000
202610071612,   0.708,   2.089,9999.000,9999.000,9999.000,9999.000,9999.000,9999.000,9999.000
202610071618,   0.710,   2.089,9999.000,9999.000,9999.000,9999.000,9999.000,9999.000,9999.000
202610071624,   0.713,   2.089,9999.000,9999.000,9999.000,9999.000,9999.000,9999.000,9999.000
202610071630,   0.716,   2.089,9999.000,9999.000,9999.000,9999.000,9999.000,9999.000,9999.000
202610071636,   0.719,   2.079,9999.000,9999.000,9999.000,9999.000,9999.000,9999.000,9999.000
202610071642,   0.722,   2.079,9999.000,9999.000,9999.000,9999.000,9999.000,9999.000,9999.000
202610071648,   0.725,   2.089,9999.000,9999.000,9999.000,9999.000,9999.000,9999.000,9999.000
202610071654,   0.728,   2.079,9999.000,9999.000,9999.000,9999.000,9999.000,9999.000,9999.000
202610071700,   0.732,   2.079,   0.800,   0.547,   2.079,   0.800,   2.079,   0.800,   2.079
202610071706,   0.735,   2.099,9999.000,9999.000,9999.000,9999.000,9999.000,9999.000,9999.000
202610071712,   0.738,   2.109,9999.000,9999.000,9999.000,9999.000,9999.000,9999.000,9999.000
202610071718,   0.741,   2.109,9999.000,9999.000,9999.000,9999.000,9999.000,9999.000,9999.000
202610071724,   0.744,   2.109,9999.000,9999.000,9999.000,9999.000,9999.000,9999.000,9999.000
202610071730,   0.748,   2.118,9999.000,9999.000,9999.000,9999.000,9999.000,9999.000,9999.000
202610071736,   0.751,   2.118,9999.000,9999.000,9999.000,9999.000,9999.000,9999.000,9999.000
202610071742,   0.755,   2.118,9999.000,9999.000,9999.000,9999.000,9999.000,9999.000,9999.000
202610071748,   0.758,   2.128,9999.000,9999.000,9999.000,9999.000,9999.000,9999.000,9999.000
202610071754,   0.761,   2.148,9999.000,9999.000,9999.000,9999.000,9999.000,9999.000,9999.000
202610071800,   0.765,   2.158,   0.800,   0.593,   2.158,   0.800,   2.158,   0.800,   2.158
202610071806,   0.769,9999.000,9999.000,9999.000,9999.000,9999.000,9999.000,9999.000,9999.000
202610071812,   0.772,9999.000,9999.000,9999.000,9999.000,9999.000,9999.000,9999.000,9999.000
202610071818,   0.776,9999.000,9999.000,9999.000,9999.000,9999.000,9999.000,9999.000,9999.000
202610071824,   0.779,9999.000,9999.000,9999.000,9999.000,9999.000,9999.000,9999.000,9999.000
202610071830,   0.783,9999.000,9999.000,9999.000,9999.000,9999.000,9999.000,9999.000,9999.000
202610071836,   0.787,9999.000,9999.000,9999.000,9999.000,9999.000,9999.000,9999.000,9999.000
202610071842,   0.790,9999.000,9999.000,9999.000,9999.000,9999.000,9999.000,9999.000,9999.000
202610071848,   0.794,9999.000,9999.000,9999.000,9999.000,9999.000,9999.000,9999.000,9999.000
202610071854,   0.798,9999.000,9999.000,9999.000,9999.000,9999.000,9999.000,9999.000,9999.000
202610071900,   0.802,9999.000,   0.800,   0.580,   2.182,   0.800,   2.182,   0.800,   2.182
202610071906,   0.805,9999.000,9999.000,9999.000,9999.000,9999.000,9999.000,9999.000,9999.000
202610071912,   0.809,9999.000,9999.000,9999.000,9999.000,9999.000,9999.000,9999.000,9999.000
202610071918,   0.813,9999.000,9999.000,9999.000,9999.000,9999.000,9999.000,9999.000,9999.000
202610071924,   0.816,9999.000,9999.000,9999.000,9999.000,9999.000,9999.000,9999.000,9999.000
202610071930,   0.820,9999.000,9999.000,9999.000,9999.000,9999.000,9999.000,9999.000,9999.000
202610071936,   0.824,9999.000,9999.000,9999.000,9999.000,9999.000,9999.000,9999.000,9999.000
202610071942,   0.827,9999.000,9999.000,9999.000,9999.000,9999.000,9999.000,9999.000,9999.000
202610071948,   0.830,9999.000,9999.000,9999.000,9999.000,9999.000,9999.000,9999.000,9999.000
202610071954,   0.834,9999.000,9999.000,9999.000,9999.000,9999.000,9999.000,9999.000,9999.000
202610072000,   0.837,9999.000,   0.800,   0.568,   2.205,   0.800,   2.205,   0.800,   2.205
202610072006,   0.840,9999.000,9999.000,9999.000,9999.000,9999.000,9999.000,9999.000,9999.000
202610072012,   0.844,9999.000,9999.000,9999.000,9999.000,9999.000,9999.000,9999.000,9999.000
202610072018,   0.847,9999.000,9999.000,9999.000,9999.000,9999.000,9999.000,9999.000,9999.000
202610072024,   0.850,9999.000,9999.000,9999.000,9999.000,9999.000,9999.000,9999.000,9999.000
202610072030,   0.852,9999.000,9999.000,9999.000,9999.000,9999.000,9999.000,9999.000,9999.000
202610072036,   0.855,9999.000,9999.000,9999.000,9999.000,9999.000,9999.000,9999.000,9999.000
202610072042,   0.858,9999.000,9999.000,9999.000,9999.000,9999.000,9999.000,9999.000,9999.000
202610072048,   0.860,9999.000,9999.000,9999.000,9999.000,9999.000,9999.000,9999.000,9999.000
202610072054,   0.862,9999.000,9999.000,9999.000,9999.000,9999.000,9999.000,9999.000,9999.000
202610072100,   0.865,9999.000,   0.800,   0.555,   2.220,   0.800,   2.220,   0.800,   2.220
202610072106,   0.867,9999.000,9999.000,9999.000,9999.000,9999.000,9999.000,9999.000,9999.000
202610072112,   0.869,9999.000,9999.000,9999.000,9999.000,9999.000,9999.000,9999.000,9999.000
202610072118,   0.870,9999.000,9999.000,9999.000,9999.000,9999.000,9999.000,9999.000,9999.000
202610072124,   0.872,9999.000,9999.000,9999.000,9999.000,9999.000,9999.000,9999.000,9999.000
202610072130,   0.873,9999.000,9999.000,9999.000,9999.000,9999.000,9999.000,9999.000,9999.000
202610072136,   0.875,9999.000,9999.000,9999.000,9999.000,9999.000,9999.000,9999.000,9999.000
202610072142,   0.876,9999.000,9999.000,9999.000,9999.000,9999.000,9999.000,9999.000,9999.000
202610072148,   0.877,9999.000,9999.000,9999.000,9999.000,9999.000,9999.000,9999.000,9999.000
202610072154,   0.877,9999.000,9999.000,9999.000,9999.000,9999.000,9999.000,9999.000,9999.000
202610072200,   0.878,9999.000,   0.800,   0.543,   2.221,   0.800,   2.221,   0.800,   2.221
202610072206,   0.879,9999.000,9999.000,9999.000,9999.000,9999.000,9999.000,9999.000,9999.000
202610072212,   0.879,9999.000,9999.000,9999.000,9999.000,9999.000,9999.000,9999.000,9999.000
202610072218,   0.879,9999.000,9999.000,9999.000,9999.000,9999.000,9999.000,9999.000,9999.000
202610072224,   0.879,9999.000,9999.000,9999.000,9999.000,9999.000,9999.000,9999.000,9999.000
202610072230,   0.879,9999.000,9999.000,9999.000,9999.000,9999.000,9999.000,9999.000,9999.000
202610072236,   0.879,9999.000,9999.000,9999.000,9999.000,9999.000,9999.000,9999.000,9999.000
202610072242,   0.878,9999.000,9999.000,9999.000,9999.000,9999.000,9999.000,9999.000,9999.000
202610072248,   0.878,9999.000,9999.000,9999.000,9999.000,9999.000,9999.000,9999.000,9999.000
202610072254,   0.877,9999.000,9999.000,9999.000,9999.000,9999.000,9999.000,9999.000,9999.000
202610072300,   0.876,9999.000,   0.800,   0.530,   2.206,   0.800,   2.206,   0.800,   2.206
202610072306,   0.875,9999.000,9999.000,9999.000,9999.000,9999.000,9999.000,9999.000,9999.000
202610072312,   0.874,9999.000,9999.000,9999.000,9999.000,9999.000,9999.000,9999.000,9999.000
202610072318,   0.873,9999.000,9999.000,9999.000,9999.000,9999.000,9999.000,9999.000,9999.000
202610072324,   0.872,9999.000,9999.000,9999.000,9999.000,9999.000,9999.000,9999.000,9999.000
202610072330,   0.871,9999.000,9999.000,9999.000,9999.000,9999.000,9999.000,9999.000,9999.000
202610072336,   0.869,9999.000,9999.000,9999.000,9999.000,9999.000,9999.000,9999.000,9999.000
202610072342,   0.868,9999.000,9999.000,9999.000,9999.000,9999.000,9999.000,9999.000,9999.000
202610072348,   0.866,9999.000,9999.000,9999.000,9999.000,9999.000,9999.000,9999.000,9999.000
202610072354,   0.864,9999.000,9999.000,9999.000,9999.000,9999.000,9999.000,9999.000,9999.000
202610080000,   0.862,9999.000,   0.800,   0.517,   2.179,   0.800,   2.179,   0.800,   2.179
202610080006,   0.860,9999.000,9999.000,9999.000,9999.000,9999.000,9999.000,9999.000,9999.000
202610080012,   0.858,9999.000,9999.000,9999.000,9999.000,9999.000,9999.000,9999.000,9999.000
202610080018,   0.856,9999.000,9999.000,9999.000,9999.000,9999.000,9999.000,9999.000,9999.000
202610080024,   0.854,9999.000,9999.000,9999.000,9999.000,9999.000,9999.000,9999.000,9999.000
202610080030,   0.852,9999.000,9999.000,9999.000,9999.000,9999.000,9999.000,9999.000,9999.000
202610080036,   0.850,9999.000,9999.000,9999.000,9999.000,9999.000,9999.000,9999.000,9999.000
202610080042,   0.848,9999.000,9999.000,9999.000,9999.000,9999.000,9999.000,9999.000,9999.000
202610080048,   0.845,9999.000,9999.000,9999.000,9999.000,9999.000,9999.000,9999.000,9999.000
202610080054,   0.843,9999.000,9999.000,9999.000,9999.000,9999.000,9999.000,9999.000,9999.000
202610080100,   0.841,9999.000,   0.800,   0.505,   2.146,   0.800,   2.146,   0.800,   2.146
202610080106,   0.838,9999.000,9999.000,9999.000,9999.000,9999.000,9999.000,9999.000,9999.000
202610080112,   0.836,9999.000,9999.000,9999.000,9999.000,9999.000,9999.000,9999.000,9999.000
202610080118,   0.833,9999.000,9999.000,9999.000,9999.000,9999.000,9999.000,9999.000,9999.000
202610080124,   0.830,9999.000,9999.000,9999.000,9999.000,9999.000,9999.000,9999.000,9999.000
202610080130,   0.828,9999.000,9999.000,9999.000,9999.000,9999.000,9999.000,9999.000,9999.000
202610080136,   0.825,9999.000,9999.000,9999.000,9999.000,9999.000,9999.000,9999.000,9999.000
202610080142,   0.822,9999.000,9999.000,9999.000,9999.000,9999.000,9999.000,9999.000,9999.000
202610080148,   0.819,9999.000,9999.000,9999.000,9999.000,9999.000,9999.000,9999.000,9999.000
202610080154,   0.816,9999.000,9999.000,9999.000,9999.000,9999.000,9999.000,9999.000,9999.000
202610080200,   0.813,9999.000,   0.800,   0.492,   2.105,   0.800,   2.105,   0.800,   2.105
202610080206,   0.810,9999.000,9999.000,9999.000,9999.000,9999.000,9999.000,9999.000,9999.000
202610080212,   0.807,9999.000,9999.000,9999.000,9999.000,9999.000,9999.000,9999.000,9999.000
202610080218,   0.804,9999.000,9999.000,9999.000,9999.000,9999.000,9999.000,9999.000,9999.000
202610080224,   0.801,9999.000,9999.000,9999.000,9999.000,9999.000,9999.000,9999.000,9999.000
202610080230,   0.798,9999.000,9999.000,9999.000,9999.000,9999.000,9999.000,9999.000,9999.000
202610080236,   0.795,9999.000,9999.000,9999.000,9999.000,9999.000,9999.000,9999.000,9999.000
202610080242,   0.792,9999.000,9999.000,9999.000,9999.000,9999.000,9999.000,9999.000,9999.000
202610080248,   0.788,9999.000,9999.000,9999.000,9999.000,9999.000,9999.000,9999.000,9999.000
202610080254,   0.785,9999.000,9999.000,9999.000,9999.000,9999.000,9999.000,9999.000,9999.000
202610080300,   0.781,9999.000,   0.800,   0.479,   2.060,   0.800,   2.060,   0.800,   2.060
202610080306,   0.778,9999.000,9999.000,9999.000,9999.000,9999.000,9999.000,9999.000,9999.000
202610080312,   0.774,9999.000,9999.000,9999.000,9999.000,9999.000,9999.000,9999.000,9999.000
202610080318,   0.771,9999.000,9999.000,9999.000,9999.000,9999.000,9999.000,9999.000,9999.000
202610080324,   0.767,9999.000,9999.000,9999.000,9999.000,9999.000,9999.000,9999.000,9999.000
202610080330,   0.764,9999.000,9999.000,9999.000,9999.000,9999.000,9999.000,9999.000,9999.000
202610080336,   0.760,9999.000,9999.000,9999.000,9999.000,9999.000,9999.000,9999.000,9999.000
202610080342,   0.756,9999.000,9999.000,9999.000,9999.000,9999.000,9999.000,9999.000,9999.000
202610080348,   0.753,9999.000,9999.000,9999.000,9999.000,9999.000,9999.000,9999.000,9999.000
202610080354,   0.749,9999.000,9999.000,9999.000,9999.000,9999.000,9999.000,9999.000,9999.000
202610080400,   0.745,9999.000,   0.800,   0.467,   2.012,   0.800,   2.012,   0.800,   2.012
202610080406,   0.741,9999.000,9999.000,9999.000,9999.000,9999.000,9999.000,9999.000,9999.000
202610080412,   0.738,9999.000,9999.000,9999.000,9999.000,9999.000,9999.000,9999.000,9999.000
202610080418,   0.734,9999.000,9999.000,9999.000,9999.000,9999.000,9999.000,9999.000,9999.000
202610080424,   0.730,9999.000,9999.000,9999.000,9999.000,9999.000,9999.000,9999.000,9999.000
202610080430,   0.726,9999.000,9999.000,9999.000,9999.000,9999.000,9999.000,9999.000,9999.000
202610080436,   0.723,9999.000,9999.000,9999.000,9999.000,9999.000,9999.000,9999.000,9999.000
202610080442,   0.719,9999.000,9999.000,9999.000,9999.000,9999.000,9999.000,9999.000,9999.000
202610080448,   0.715,9999.000,9999.000,9999.000,9999.000,9999.000,9999.000,9999.000,9999.000
202610080454,   0.712,9999.000,9999.000,9999.000,9999.000,9999.000,9999.000,9999.000,9999.000
202610080500,   0.708,9999.000,   0.800,   0.454,   1.962,   0.800,   1.962,   0.900,   2.062
202610080506,   0.704,9999.000,9999.000,9999.000,9999.000,9999.000,9999.000,9999.000,9999.000
202610080512,   0.701,9999.000,9999.000,9999.000,9999.000,9999.000,9999.000,9999.000,9999.000
202610080518,   0.698,9999.000,9999.000,9999.000,9999.000,9999.000,9999.000,9999.000,9999.000
202610080524,   0.694,9999.000,9999.000,9999.000,9999.000,9999.000,9999.000,9999.000,9999.000
202610080530,   0.691,9999.000,9999.000,9999.000,9999.000,9999.000,9999.000,9999.000,9999.000
202610080536,   0.688,9999.000,9999.000,9999.000,9999.000,9999.000,9999.000,9999.000,9999.000
202610080542,   0.685,9999.000,9999.000,9999.000,9999.000,9999.000,9999.000,9999.000,9999.000
202610080548,   0.682,9999.000,9999.000,9999.000,9999.000,9999.000,9999.000,9999.000,9999.000
202610080554,   0.679,9999.000,9999.000,9999.000,9999.000,9999.000,9999.000,9999.000,9999.000
202610080600,   0.676,9999.000,   0.800,   0.442,   1.918,   0.800,   1.918,   0.900,   2.018
202610080606,   0.673,9999.000,9999.000,9999.000,9999.000,9999.000,9999.000,9999.000,9999.000
202610080612,   0.670,9999.000,9999.000,9999.000,9999.000,9999.000,9999.000,9999.000,9999.000
202610080618,   0.668,9999.000,9999.000,9999.000,9999.000,9999.000,9999.000,9999.000,9999.000
202610080624,   0.666,9999.000,9999.000,9999.000,9999.000,9999.000,9999.000,9999.000,9999.000
202610080630,   0.663,9999.000,9999.000,9999.000,9999.000,9999.000,9999.000,9999.000,9999.000
202610080636,   0.661,9999.000,9999.000,9999.000,9999.000,9999.000,9999.000,9999.000,9999.000
202610080642,   0.659,9999.000,9999.000,9999.000,9999.000,9999.000,9999.000,9999.000,9999.000
202610080648,   0.657,9999.000,9999.000,9999.000,9999.000,9999.000,9999.000,9999.000,9999.000
202610080654,   0.655,9999.000,9999.000,9999.000,9999.000,9999.000,9999.000,9999.000,9999.000
202610080700,   0.654,9999.000,   0.800,   0.442,   1.896,   0.800,   1.896,   0.900,   1.996
202610080706,   0.652,9999.000,9999.000,9999.000,9999.000,9999.000,9999.000,9999.000,9999.000
202610080712,   0.651,9999.000,9999.000,9999.000,9999.000,9999.000,9999.000,9999.000,9999.000
202610080718,   0.650,9999.000,9999.000,9999.000,9999.000,9999.000,9999.000,9999.000,9999.000
202610080724,   0.648,9999.000,9999.000,9999.000,9999.000,9999.000,9999.000,9999.000,9999.000
202610080730,   0.647,9999.000,9999.000,9999.000,9999.000,9999.000,9999.000,9999.000,9999.000
202610080736,   0.646,9999.000,9999.000,9999.000,9999.000,9999.000,9999.000,9999.000,9999.000
202610080742,   0.646,9999.000,9999.000,9999.000,9999.000,9999.000,9999.000,9999.000,9999.000
202610080748,   0.645,9999.000,9999.000,9999.000,9999.000,9999.000,9999.000,9999.000,9999.000
202610080754,   0.644,9999.000,9999.000,9999.000,9999.000,9999.000,9999.000,9999.000,9999.000
202610080800,   0.644,9999.000,   0.800,   0.442,   1.886,   0.800,   1.886,   0.900,   1.986
202610080806,   0.643,9999.000,9999.000,9999.000,9999.000,9999.000,9999.000,9999.000,9999.000
202610080812,   0.643,9999.000,9999.000,9999.000,9999.000,9999.000,9999.000,9999.000,9999.000
202610080818,   0.643,9999.000,9999.000,9999.000,9999.000,9999.000,9999.000,9999.000,9999.000
202610080824,   0.642,9999.000,9999.000,9999.000,9999.000,9999.000,9999.000,9999.000,9999.000
202610080830,   0.642,9999.000,9999.000,9999.000,9999.000,9999.000,9999.000,9999.000,9999.000
202610080836,   0.642,9999.000,9999.000,9999.000,9999.000,9999.000,9999.000,9999.000,9999.000
202610080842,   0.642,9999.000,9999.000,9999.000,9999.000,9999.000,9999.000,9999.000,9999.000
202610080848,   0.642,9999.000,9999.000,9999.000,9999.000,9999.000,9999.000,9999.000,9999.000
202610080854,   0.642,9999.000,9999.000,9999.000,9999.000,9999.000,9999.000,9999.000,9999.000
202610080900,   0.643,9999.000,   0.900,   0.442,   1.985,   0.800,   1.885,   0.900,   1.985
202610080906,   0.643,9999.000,9999.000,9999.000,9999.000,9999.000,9999.000,9999.000,9999.000
202610080912,   0.643,9999.000,9999.000,9999.000,9999.000,9999.000,9999.000,9999.000,9999.000
202610080918,   0.643,9999.000,9999.000,9999.000,9999.000,9999.000,9999.000,9999.000,9999.000
202610080924,   0.644,9999.000,9999.000,9999.000,9999.000,9999.000,9999.000,9999.000,9999.000
202610080930,   0.644,9999.000,9999.000,9999.000,9999.000,9999.000,9999.000,9999.000,9999.000
202610080936,   0.645,9999.000,9999.000,9999.000,9999.000,9999.000,9999.000,9999.000,9999.000
202610080942,   0.645,9999.000,9999.000,9999.000,9999.000,9999.000,9999.000,9999.000,9999.000
202610080948,   0.645,9999.000,9999.000,9999.000,9999.000,9999.000,9999.000,9999.000,9999.000
202610080954,   0.646,9999.000,9999.000,9999.000,9999.000,9999.000,9999.000,9999.000,9999.000
202610081000,   0.646,9999.000,   0.900,   0.442,   1.988,   0.800,   1.888,   0.900,   1.988
202610081006,   0.647,9999.000,9999.000,9999.000,9999.000,9999.000,9999.000,9999.000,9999.000
202610081012,   0.647,9999.000,9999.000,9999.000,9999.000,9999.000,9999.000,9999.000,9999.000
202610081018,   0.648,9999.000,9999.000,9999.000,9999.000,9999.000,9999.000,9999.000,9999.000
202610081024,   0.649,9999.000,9999.000,9999.000,9999.000,9999.000,9999.000,9999.000,9999.000
202610081030,   0.649,9999.000,9999.000,9999.000,9999.000,9999.000,9999.000,9999.000,9999.000
202610081036,   0.650,9999.000,9999.000,9999.000,9999.000,9999.000,9999.000,9999.000,9999.000
202610081042,   0.650,9999.000,9999.000,9999.000,9999.000,9999.000,9999.000,9999.000,9999.000
202610081048,   0.651,9999.000,9999.000,9999.000,9999.000,9999.000,9999.000,9999.000,9999.000
202610081054,   0.652,9999.000,9999.000,9999.000,9999.000,9999.000,9999.000,9999.000,9999.000
202610081100,   0.652,9999.000,   0.900,   0.442,   1.994,   0.800,   1.894,   0.900,   1.994
202610081106,   0.653,9999.000,9999.000,9999.000,9999.000,9999.000,9999.000,9999.000,9999.000
202610081112,   0.653,9999.000,9999.000,9999.000,9999.000,9999.000,9999.000,9999.000,9999.000
202610081118,   0.654,9999.000,9999.000,9999.000,9999.000,9999.000,9999.000,9999.000,9999.000
202610081124,   0.655,9999.000,9999.000,9999.000,9999.000,9999.000,9999.000,9999.000,9999.000
202610081130,   0.656,9999.000,9999.000,9999.000,9999.000,9999.000,9999.000,9999.000,9999.000
202610081136,   0.656,9999.000,9999.000,9999.000,9999.000,9999.000,9999.000,9999.000,9999.000
202610081142,   0.657,9999.000,9999.000,9999.000,9999.000,9999.000,9999.000,9999.000,9999.000
202610081148,   0.658,9999.000,9999.000,9999.000,9999.000,9999.000,9999.000,9999.000,9999.000
202610081154,   0.658,9999.000,9999.000,9999.000,9999.000,9999.000,9999.000,9999.000,9999.000
202610081200,   0.659,9999.000,   0.900,   0.442,   2.001,   0.900,   2.001,   0.900,   2.001
202610081206,   0.660,9999.000,9999.000,9999.000,9999.000,9999.000,9999.000,9999.000,9999.000
202610081212,   0.661,9999.000,9999.000,9999.000,9999.000,9999.000,9999.000,9999.000,9999.000
202610081218,   0.662,9999.000,9999.000,9999.000,9999.000,9999.000,9999.000,9999.000,9999.000
202610081224,   0.662,9999.000,9999.000,9999.000,9999.000,9999.000,9999.000,9999.000,9999.000
202610081230,   0.663,9999.000,9999.000,9999.000,9999.000,9999.000,9999.000,9999.000,9999.000
202610081236,   0.664,9999.000,9999.000,9999.000,9999.000,9999.000,9999.000,9999.000,9999.000
202610081242,   0.665,9999.000,9999.000,9999.000,9999.000,9999.000,9999.000,9999.000,9999.000
202610081248,   0.666,9999.000,9999.000,9999.000,9999.000,9999.000,9999.000,9999.000,9999.000
202610081254,   0.667,9999.000,9999.000,9999.000,9999.000,9999.000,9999.000,9999.000,9999.000
202610081300,   0.668,9999.000,   0.900,   0.442,   2.010,   0.900,   2.010,   0.900,   2.010
202610081306,   0.668,9999.000,9999.000,9999.000,9999.000,9999.000,9999.000,9999.000,9999.000
202610081312,   0.669,9999.000,9999.000,9999.000,9999.000,9999.000,9999.000,9999.000,9999.000
202610081318,   0.670,9999.000,9999.000,9999.000,9999.000,9999.000,9999.000,9999.000,9999.000
202610081324,   0.671,9999.000,9999.000,9999.000,9999.000,9999.000,9999.000,9999.000,9999.000
202610081330,   0.672,9999.000,9999.000,9999.000,9999.000,9999.000,9999.000,9999.000,9999.000
202610081336,   0.673,9999.000,9999.000,9999.000,9999.000,9999.000,9999.000,9999.000,9999.000
202610081342,   0.674,9999.000,9999.000,9999.000,9999.000,9999.000,9999.000,9999.000,9999.000
202610081348,   0.675,9999.000,9999.000,9999.000,9999.000,9999.000,9999.000,9999.000,9999.000
202610081354,   0.676,9999.000,9999.000,9999.000,9999.000,9999.000,9999.000,9999.000,9999.000
202610081400,   0.677,9999.000,   0.900,   0.442,   2.019,   0.900,   2.019,   0.900,   2.019
202610081406,   0.677,9999.000,9999.000,9999.000,9999.000,9999.000,9999.000,9999.000,9999.000
202610081412,   0.678,9999.000,9999.000,9999.000,9999.000,9999.000,9999.000,9999.000,9999.000
202610081418,   0.679,9999.000,9999.000,9999.000,9999.000,9999.000,9999.000,9999.000,9999.000
202610081424,   0.680,9999.000,9999.000,9999.000,9999.000,9999.000,9999.000,9999.000,9999.000
202610081430,   0.681,9999.000,9999.000,9999.000,9999.000,9999.000,9999.000,9999.000,9999.000
202610081436,   0.682,9999.000,9999.000,9999.000,9999.000,9999.000,9999.000,9999.000,9999.000
202610081442,   0.682,9999.000,9999.000,9999.000,9999.000,9999.000,9999.000,9999.000,9999.000
202610081448,   0.683,9999.000,9999.000,9999.000,9999.000,9999.000,9999.000,9999.000,9999.000
202610081454,   0.684,9999.000,9999.000,9999.000,9999.000,9999.000,9999.000,9999.000,9999.000
202610081500,   0.685,9999.000,   0.900,   0.442,   2.027,   0.900,   2.027,   0.900,   2.027
202610081506,   0.685,9999.000,9999.000,9999.000,9999.000,9999.000,9999.000,9999.000,9999.000
202610081512,   0.686,9999.000,9999.000,9999.000,9999.000,9999.000,9999.000,9999.000,9999.000
202610081518,   0.687,9999.000,9999.000,9999.000,9999.000,9999.000,9999.000,9999.000,9999.000
202610081524,   0.688,9999.000,9999.000,9999.000,9999.000,9999.000,9999.000,9999.000,9999.000
202610081530,   0.688,9999.000,9999.000,9999.000,9999.000,9999.000,9999.000,9999.000,9999.000
202610081536,   0.689,9999.000,9999.000,9999.000,9999.000,9999.000,9999.000,9999.000,9999.000
202610081542,   0.690,9999.000,9999.000,9999.000,9999.000,9999.000,9999.000,9999.000,9999.000
202610081548,   0.691,9999.000,9999.000,9999.000,9999.000,9999.000,9999.000,9999.000,9999.000
202610081554,   0.691,9999.000,9999.000,9999.000,9999.000,9999.000,9999.000,9999.000,9999.000
202610081600,   0.692,9999.000,   0.900,   0.442,   2.034,   0.900,   2.034,   0.900,   2.034
202610081606,   0.693,9999.000,9999.000,9999.000,9999.000,9999.000,9999.000,9999.000,9999.000
202610081612,   0.694,9999.000,9999.000,9999.000,9999.000,9999.000,9999.000,9999.000,9999.000
202610081618,   0.694,9999.000,9999.000,9999.000,9999.000,9999.000,9999.000,9999.000,9999.000
202610081624,   0.695,9999.000,9999.000,9999.000,9999.000,9999.000,9999.000,9999.000,9999.000
202610081630,   0.696,9999.000,9999.000,9999.000,9999.000,9999.000,9999.000,9999.000,9999.000
202610081636,   0.697,9999.000,9999.000,9999.000,9999.000,9999.000,9999.000,9999.000,9999.000
202610081642,   0.698,9999.000,9999.000,9999.000,9999.000,9999.000,9999.000,9999.000,9999.000
202610081648,   0.699,9999.000,9999.000,9999.000,9999.000,9999.000,9999.000,9999.000,9999.000
202610081654,   0.700,9999.000,9999.000,9999.000,9999.000,9999.000,9999.000,9999.000,9999.000
202610081700,   0.701,9999.000,   0.900,   0.442,   2.043,   0.900,   2.043,   0.900,   2.043
202610081706,   0.702,9999.000,9999.000,9999.000,9999.000,9999.000,9999.000,9999.000,9999.000
202610081712,   0.703,9999.000,9999.000,9999.000,9999.000,9999.000,9999.000,9999.000,9999.000
202610081718,   0.705,9999.000,9999.000,9999.000,9999.000,9999.000,9999.000,9999.000,9999.000
202610081724,   0.706,9999.000,9999.000,9999.000,9999.000,9999.000,9999.000,9999.000,9999.000
202610081730,   0.707,9999.000,9999.000,9999.000,9999.000,9999.000,9999.000,9999.000,9999.000
202610081736,   0.709,9999.000,9999.000,9999.000,9999.000,9999.000,9999.000,9999.000,9999.000
202610081742,   0.710,9999.000,9999.000,9999.000,9999.000,9999.000,9999.000,9999.000,9999.000
202610081748,   0.712,9999.000,9999.000,9999.000,9999.000,9999.000,9999.000,9999.000,9999.000
202610081754,   0.713,9999.000,9999.000,9999.000,9999.000,9999.000,9999.000,9999.000,9999.000
202610081800,   0.715,9999.000,   0.900,   0.442,   2.057,   0.900,   2.057,   0.900,   2.057
202610081806,   0.717,9999.000,9999.000,9999.000,9999.000,9999.000,9999.000,9999.000,9999.000
202610081812,   0.719,9999.000,9999.000,9999.000,9999.000,9999.000,9999.000,9999.000,9999.000
202610081818,   0.721,9999.000,9999.000,9999.000,9999.000,9999.000,9999.000,9999.000,9999.000
202610081824,   0.723,9999.000,9999.000,9999.000,9999.000,9999.000,9999.000,9999.000,9999.000
202610081830,   0.725,9999.000,9999.000,9999.000,9999.000,9999.000,9999.000,9999.000,9999.000
202610081836,   0.727,9999.000,9999.000,9999.000,9999.000,9999.000,9999.000,9999.000,9999.000
202610081842,   0.729,9999.000,9999.000,9999.000,9999.000,9999.000,9999.000,9999.000,9999.000
202610081848,   0.732,9999.000,9999.000,9999.000,9999.000,9999.000,9999.000,9999.000,9999.000
202610081854,   0.734,9999.000,9999.000,9999.000,9999.000,9999.000,9999.000,9999.000,9999.000
202610081900,   0.736,9999.000,   0.900,   0.442,   2.078,   0.900,   2.078,   0.900,   2.078
202610081906,   0.739,9999.000,9999.000,9999.000,9999.000,9999.000,9999.000,9999.000,9999.000
202610081912,   0.741,9999.000,9999.000,9999.000,9999.000,9999.000,9999.000,9999.000,9999.000
202610081918,   0.744,9999.000,9999.000,9999.000,9999.000,9999.000,9999.000,9999.000,9999.000
202610081924,   0.746,9999.000,9999.000,9999.000,9999.000,9999.000,9999.000,9999.000,9999.000
202610081930,   0.749,9999.000,9999.000,9999.000,9999.000,9999.000,9999.000,9999.000,9999.000
202610081936,   0.751,9999.000,9999.000,9999.000,9999.000,9999.000,9999.000,9999.000,9999.000
202610081942,   0.754,9999.000,9999.000,9999.000,9999.000,9999.000,9999.000,9999.000,9999.000
202610081948,   0.756,9999.000,9999.000,9999.000,9999.000,9999.000,9999.000,9999.000,9999.000
202610081954,   0.759,9999.000,9999.000,9999.000,9999.000,9999.000,9999.000,9999.000,9999.000
202610082000,   0.761,9999.000,   0.900,   0.442,   2.103,   0.900,   2.103,   0.900,   2.103
202610082006,   0.764,9999.000,9999.000,9999.000,9999.000,9999.000,9999.000,9999.000,9999.000
202610082012,   0.766,9999.000,9999.000,9999.000,9999.000,9999.000,9999.000,9999.000,9999.000
202610082018,   0.768,9999.000,9999.000,9999.000,9999.000,9999.000,9999.000,9999.000,9999.000
202610082024,   0.771,9999.000,9999.000,9999.000,9999.000,9999.000,9999.000,9999.000,9999.000
202610082030,   0.773,9999.000,9999.000,9999.000,9999.000,9999.000,9999.000,9999.000,9999.000
202610082036,   0.775,9999.000,9999.000,9999.000,9999.000,9999.000,9999.000,9999.000,9999.000
202610082042,   0.777,9999.000,9999.000,9999.000,9999.000,9999.000,9999.000,9999.000,9999.000
202610082048,   0.780,9999.000,9999.000,9999.000,9999.000,9999.000,9999.000,9999.000,9999.000
202610082054,   0.782,9999.000,9999.000,9999.000,9999.000,9999.000,9999.000,9999.000,9999.000
202610082100,   0.783,9999.000,   0.900,   0.442,   2.125,   0.900,   2.125,   0.900,   2.125
202610082106,   0.785,9999.000,9999.000,9999.000,9999.000,9999.000,9999.000,9999.000,9999.000
202610082112,   0.787,9999.000,9999.000,9999.000,9999.000,9999.000,9999.000,9999.000,9999.000
202610082118,   0.789,9999.000,9999.000,9999.000,9999.000,9999.000,9999.000,9999.000,9999.000
202610082124,   0.790,9999.000,9999.000,9999.000,9999.000,9999.000,9999.000,9999.000,9999.000
202610082130,   0.792,9999.000,9999.000,9999.000,9999.000,9999.000,9999.000,9999.000,9999.000
202610082136,   0.793,9999.000,9999.000,9999.000,9999.000,9999.000,9999.000,9999.000,9999.000
202610082142,   0.794,9999.000,9999.000,9999.000,9999.000,9999.000,9999.000,9999.000,9999.000
202610082148,   0.795,9999.000,9999.000,9999.000,9999.000,9999.000,9999.000,9999.000,9999.000
202610082154,   0.796,9999.000,9999.000,9999.000,9999.000,9999.000,9999.000,9999.000,9999.000
202610082200,   0.797,9999.000,   0.900,   0.442,   2.139,   0.900,   2.139,   0.900,   2.139
202610082206,   0.798,9999.000,9999.000,9999.000,9999.000,9999.000,9999.000,9999.000,9999.000
202610082212,   0.798,9999.000,9999.000,9999.000,9999.000,9999.000,9999.000,9999.000,9999.000
202610082218,   0.799,9999.000,9999.000,9999.000,9999.000,9999.000,9999.000,9999.000,9999.000
202610082224,   0.799,9999.000,9999.000,9999.000,9999.000,9999.000,9999.000,9999.000,9999.000
202610082230,   0.800,9999.000,9999.000,9999.000,9999.000,9999.000,9999.000,9999.000,9999.000
202610082236,   0.800,9999.000,9999.000,9999.000,9999.000,9999.000,9999.000,9999.000,9999.000
202610082242,   0.800,9999.000,9999.000,9999.000,9999.000,9999.000,9999.000,9999.000,9999.000
202610082248,   0.800,9999.000,9999.000,9999.000,9999.000,9999.000,9999.000,9999.000,9999.000
202610082254,   0.800,9999.000,9999.000,9999.000,9999.000,9999.000,9999.000,9999.000,9999.000
202610082300,   0.800,9999.000,   0.900,   0.442,   2.142,   0.900,   2.142,   0.900,   2.142
202610082306,   0.800,9999.000,9999.000,9999.000,9999.000,9999.000,9999.000,9999.000,9999.000
202610082312,   0.799,9999.000,9999.000,9999.000,9999.000,9999.000,9999.000,9999.000,9999.000
202610082318,   0.799,9999.000,9999.000,9999.000,9999.000,9999.000,9999.000,9999.000,9999.000
202610082324,   0.799,9999.000,9999.000,9999.000,9999.000,9999.000,9999.000,9999.000,9999.000
202610082330,   0.798,9999.000,9999.000,9999.000,9999.000,9999.000,9999.000,9999.000,9999.000
202610082336,   0.798,9999.000,9999.000,9999.000,9999.000,9999.000,9999.000,9999.000,9999.000
202610082342,   0.797,9999.000,9999.000,9999.000,9999.000,9999.000,9999.000,9999.000,9999.000
202610082348,   0.796,9999.000,9999.000,9999.000,9999.000,9999.000,9999.000,9999.000,9999.000
202610082354,   0.796,9999.000,9999.000,9999.000,9999.000,9999.000,9999.000,9999.000,9999.000
202610090000,   0.795,9999.000,   0.900,   0.442,   2.137,   0.900,   2.137,   0.900,   2.137
202610090006,   0.794,9999.000,9999.000,9999.000,9999.000,9999.000,9999.000,9999.000,9999.000
202610090012,   0.793,9999.000,9999.000,9999.000,9999.000,9999.000,9999.000,9999.000,9999.000
202610090018,   0.792,9999.000,9999.000,9999.000,9999.000,9999.000,9999.000,9999.000,9999.000
202610090024,   0.791,9999.000,9999.000,9999.000,9999.000,9999.000,9999.000,9999.000,9999.000
202610090030,   0.790,9999.000,9999.000,9999.000,9999.000,9999.000,9999.000,9999.000,9999.000
202610090036,   0.789,9999.000,9999.000,9999.000,9999.000,9999.000,9999.000,9999.000,9999.000
202610090042,   0.788,9999.000,9999.000,9999.000,9999.000,9999.000,9999.000,9999.000,9999.000
202610090048,   0.787,9999.000,9999.000,9999.000,9999.000,9999.000,9999.000,9999.000,9999.000
202610090054,   0.786,9999.000,9999.000,9999.000,9999.000,9999.000,9999.000,9999.000,9999.000
202610090100,   0.785,9999.000,   0.900,   0.442,   2.127,   0.900,   2.127,   0.900,   2.127
202610090106,   0.784,9999.000,9999.000,9999.000,9999.000,9999.000,9999.000,9999.000,9999.000
202610090112,   0.783,9999.000,9999.000,9999.000,9999.000,9999.000,9999.000,9999.000,9999.000
202610090118,   0.781,9999.000,9999.000,9999.000,9999.000,9999.000,9999.000,9999.000,9999.000
202610090124,   0.780,9999.000,9999.000,9999.000,9999.000,9999.000,9999.000,9999.000,9999.000
202610090130,   0.779,9999.000,9999.000,9999.000,9999.000,9999.000,9999.000,9999.000,9999.000
202610090136,   0.778,9999.000,9999.000,9999.000,9999.000,9999.000,9999.000,9999.000,9999.000
202610090142,   0.776,9999.000,9999.000,9999.000,9999.000,9999.000,9999.000,9999.000,9999.000
202610090148,   0.775,9999.000,9999.000,9999.000,9999.000,9999.000,9999.000,9999.000,9999.000
202610090154,   0.774,9999.000,9999.000,9999.000,9999.000,9999.000,9999.000,9999.000,9999.000
202610090200,   0.772,9999.000,   0.900,   0.442,   2.114,   0.900,   2.114,   0.900,   2.114
202610090206,   0.771,9999.000,9999.000,9999.000,9999.000,9999.000,9999.000,9999.000,9999.000
202610090212,   0.770,9999.000,9999.000,9999.000,9999.000,9999.000,9999.000,9999.000,9999.000
202610090218,   0.768,9999.000,9999.000,9999.000,9999.000,9999.000,9999.000,9999.000,9999.000
202610090224,   0.767,9999.000,9999.000,9999.000,9999.000,9999.000,9999.000,9999.000,9999.000
202610090230,   0.765,9999.000,9999.000,9999.000,9999.000,9999.000,9999.000,9999.000,9999.000
202610090236,   0.764,9999.000,9999.000,9999.000,9999.000,9999.000,9999.000,9999.000,9999.000
202610090242,   0.762,9999.000,9999.000,9999.000,9999.000,9999.000,9999.000,9999.000,9999.000
202610090248,   0.761,9999.000,9999.000,9999.000,9999.000,9999.000,9999.000,9999.000,9999.000
202610090254,   0.759,9999.000,9999.000,9999.000,9999.000,9999.000,9999.000,9999.000,9999.000
202610090300,   0.757,9999.000,   0.900,   0.442,   2.099,   0.900,   2.099,   0.900,   2.099
202610090306,   0.756,9999.000,9999.000,9999.000,9999.000,9999.000,9999.000,9999.000,9999.000
202610090312,   0.754,9999.000,9999.000,9999.000,9999.000,9999.000,9999.000,9999.000,9999.000
202610090318,   0.752,9999.000,9999.000,9999.000,9999.000,9999.000,9999.000,9999.000,9999.000
202610090324,   0.750,9999.000,9999.000,9999.000,9999.000,9999.000,9999.000,9999.000,9999.000
202610090330,   0.749,9999.000,9999.000,9999.000,9999.000,9999.000,9999.000,9999.000,9999.000
202610090336,   0.747,9999.000,9999.000,9999.000,9999.000,9999.000,9999.000,9999.000,9999.000
202610090342,   0.745,9999.000,9999.000,9999.000,9999.000,9999.000,9999.000,9999.000,9999.000
202610090348,   0.743,9999.000,9999.000,9999.000,9999.000,9999.000,9999.000,9999.000,9999.000
202610090354,   0.741,9999.000,9999.000,9999.000,9999.000,9999.000,9999.000,9999.000,9999.000
202610090400,   0.739,9999.000,   0.900,   0.442,   2.081,   0.900,   2.081,   0.900,   2.081
202610090406,   0.737,9999.000,9999.000,9999.000,9999.000,9999.000,9999.000,9999.000,9999.000
202610090412,   0.735,9999.000,9999.000,9999.000,9999.000,9999.000,9999.000,9999.000,9999.000
202610090418,   0.733,9999.000,9999.000,9999.000,9999.000,9999.000,9999.000,9999.000,9999.000
202610090424,   0.732,9999.000,9999.000,9999.000,9999.000,9999.000,9999.000,9999.000,9999.000
202610090430,   0.730,9999.000,9999.000,9999.000,9999.000,9999.000,9999.000,9999.000,9999.000
202610090436,   0.728,9999.000,9999.000,9999.000,9999.000,9999.000,9999.000,9999.000,9999.000
202610090442,   0.726,9999.000,9999.000,9999.000,9999.000,9999.000,9999.000,9999.000,9999.000
202610090448,   0.724,9999.000,9999.000,9999.000,9999.000,9999.000,9999.000,9999.000,9999.000
202610090454,   0.722,9999.000,9999.000,9999.000,9999.000,9999.000,9999.000,9999.000,9999.000
202610090500,   0.721,9999.000,   0.900,   0.442,   2.063,   0.900,   2.063,   0.900,   2.063
202610090506,   0.719,9999.000,9999.000,9999.000,9999.000,9999.000,9999.000,9999.000,9999.000
202610090512,   0.717,9999.000,9999.000,9999.000,9999.000,9999.000,9999.000,9999.000,9999.000
202610090518,   0.715,9999.000,9999.000,9999.000,9999.000,9999.000,9999.000,9999.000,9999.000
202610090524,   0.714,9999.000,9999.000,9999.000,9999.000,9999.000,9999.000,9999.000,9999.000
202610090530,   0.712,9999.000,9999.000,9999.000,9999.000,9999.000,9999.000,9999.000,9999.000
202610090536,   0.711,9999.000,9999.000,9999.000,9999.000,9999.000,9999.000,9999.000,9999.000
202610090542,   0.709,9999.000,9999.000,9999.000,9999.000,9999.000,9999.000,9999.000,9999.000
202610090548,   0.708,9999.000,9999.000,9999.000,9999.000,9999.000,9999.000,9999.000,9999.000
202610090554,   0.707,9999.000,9999.000,9999.000,9999.000,9999.000,9999.000,9999.000,9999.000
202610090600,   0.706,9999.000,   0.900,   0.442,   2.048,   0.900,   2.048,   0.900,   2.048
202610090606,   0.705,9999.000,9999.000,9999.000,9999.000,9999.000,9999.000,9999.000,9999.000
202610090612,   0.704,9999.000,9999.000,9999.000,9999.000,9999.000,9999.000,9999.000,9999.000
202610090618,   0.703,9999.000,9999.000,9999.000,9999.000,9999.000,9999.000,9999.000,9999.000
202610090624,   0.702,9999.000,9999.000,9999.000,9999.000,9999.000,9999.000,9999.000,9999.000
202610090630,   0.701,9999.000,9999.000,9999.000,9999.000,9999.000,9999.000,9999.000,9999.000
202610090636,   0.701,9999.000,9999.000,9999.000,9999.000,9999.000,9999.000,9999.000,9999.000
202610090642,   0.700,9999.000,9999.000,9999.000,9999.000,9999.000,9999.000,9999.000,9999.000
202610090648,   0.700,9999.000,9999.000,9999.000,9999.000,9999.000,9999.000,9999.000,9999.000
202610090654,   0.699,9999.000,9999.000,9999.000,9999.000,9999.000,9999.000,9999.000,9999.000
202610090700,   0.699,9999.000,   0.900,   0.442,   2.041,   0.900,   2.041,   0.900,   2.041
202610090706,   0.699,9999.000,9999.000,9999.000,9999.000,9999.000,9999.000,9999.000,9999.000
202610090712,   0.699,9999.000,9999.000,9999.000,9999.000,9999.000,9999.000,9999.000,9999.000
202610090718,   0.699,9999.000,9999.000,9999.000,9999.000,9999.000,9999.000,9999.000,9999.000
202610090724,   0.699,9999.000,9999.000,9999.000,9999.000,9999.000,9999.000,9999.000,9999.000
202610090730,   0.699,9999.000,9999.000,9999.000,9999.000,9999.000,9999.000,9999.000,9999.000
202610090736,   0.699,9999.000,9999.000,9999.000,9999.000,9999.000,9999.000,9999.000,9999.000
202610090742,   0.700,9999.000,9999.000,9999.000,9999.000,9999.000,9999.000,9999.000,9999.000
202610090748,   0.700,9999.000,9999.000,9999.000,9999.000,9999.000,9999.000,9999.000,9999.000
202610090754,   0.701,9999.000,9999.000,9999.000,9999.000,9999.000,9999.000,9999.000,9999.000
202610090800,   0.701,9999.000,   0.900,   0.442,   2.043,   0.900,   2.043,   1.000,   2.143
202610090806,   0.702,9999.000,9999.000,9999.000,9999.000,9999.000,9999.000,9999.000,9999.000
202610090812,   0.702,9999.000,9999.000,9999.000,9999.000,9999.000,9999.000,9999.000,9999.000
202610090818,   0.703,9999.000,9999.000,9999.000,9999.000,9999.000,9999.000,9999.000,9999.000
202610090824,   0.704,9999.000,9999.000,9999.000,9999.000,9999.000,9999.000,9999.000,9999.000
202610090830,   0.705,9999.000,9999.000,9999.000,9999.000,9999.000,9999.000,9999.000,9999.000
202610090836,   0.705,9999.000,9999.000,9999.000,9999.000,9999.000,9999.000,9999.000,9999.000
202610090842,   0.706,9999.000,9999.000,9999.000,9999.000,9999.000,9999.000,9999.000,9999.000
202610090848,   0.707,9999.000,9999.000,9999.000,9999.000,9999.000,9999.000,9999.000,9999.000
202610090854,   0.708,9999.000,9999.000,9999.000,9999.000,9999.000,9999.000,9999.000,9999.000
202610090900,   0.709,9999.000,   0.900,   0.442,   2.051,   0.900,   2.051,   1.000,   2.151
202610090906,   0.710,9999.000,9999.000,9999.000,9999.000,9999.000,9999.000,9999.000,9999.000
202610090912,   0.711,9999.000,9999.000,9999.000,9999.000,9999.000,9999.000,9999.000,9999.000
202610090918,   0.712,9999.000,9999.000,9999.000,9999.000,9999.000,9999.000,9999.000,9999.000
202610090924,   0.713,9999.000,9999.000,9999.000,9999.000,9999.000,9999.000,9999.000,9999.000
202610090930,   0.714,9999.000,9999.000,9999.000,9999.000,9999.000,9999.000,9999.000,9999.000
202610090936,   0.714,9999.000,9999.000,9999.000,9999.000,9999.000,9999.000,9999.000,9999.000
202610090942,   0.715,9999.000,9999.000,9999.000,9999.000,9999.000,9999.000,9999.000,9999.000
202610090948,   0.716,9999.000,9999.000,9999.000,9999.000,9999.000,9999.000,9999.000,9999.000
202610090954,   0.717,9999.000,9999.000,9999.000,9999.000,9999.000,9999.000,9999.000,9999.000
202610091000,   0.718,9999.000,   0.900,   0.442,   2.060,   0.900,   2.060,   1.000,   2.160
202610091006,   0.719,9999.000,9999.000,9999.000,9999.000,9999.000,9999.000,9999.000,9999.000
202610091012,   0.720,9999.000,9999.000,9999.000,9999.000,9999.000,9999.000,9999.000,9999.000
202610091018,   0.720,9999.000,9999.000,9999.000,9999.000,9999.000,9999.000,9999.000,9999.000
202610091024,   0.721,9999.000,9999.000,9999.000,9999.000,9999.000,9999.000,9999.000,9999.000
202610091030,   0.722,9999.000,9999.000,9999.000,9999.000,9999.000,9999.000,9999.000,9999.000
202610091036,   0.723,9999.000,9999.000,9999.000,9999.000,9999.000,9999.000,9999.000,9999.000
202610091042,   0.723,9999.000,9999.000,9999.000,9999.000,9999.000,9999.000,9999.000,9999.000
202610091048,   0.724,9999.000,9999.000,9999.000,9999.000,9999.000,9999.000,9999.000,9999.000
202610091054,   0.725,9999.000,9999.000,9999.000,9999.000,9999.000,9999.000,9999.000,9999.000
202610091100,   0.725,9999.000,   1.000,   0.442,   2.167,   0.900,   2.067,   1.000,   2.167
202610091106,   0.726,9999.000,9999.000,9999.000,9999.000,9999.000,9999.000,9999.000,9999.000
202610091112,   0.727,9999.000,9999.000,9999.000,9999.000,9999.000,9999.000,9999.000,9999.000
202610091118,   0.727,9999.000,9999.000,9999.000,9999.000,9999.000,9999.000,9999.000,9999.000
202610091124,   0.728,9999.000,9999.000,9999.000,9999.000,9999.000,9999.000,9999.000,9999.000
202610091130,   0.728,9999.000,9999.000,9999.000,9999.000,9999.000,9999.000,9999.000,9999.000
202610091136,   0.729,9999.000,9999.000,9999.000,9999.000,9999.000,9999.000,9999.000,9999.000
202610091142,   0.729,9999.000,9999.000,9999.000,9999.000,9999.000,9999.000,9999.000,9999.000
202610091148,   0.730,9999.000,9999.000,9999.000,9999.000,9999.000,9999.000,9999.000,9999.000
202610091154,   0.730,9999.000,9999.000,9999.000,9999.000,9999.000,9999.000,9999.000,9999.000
202610091200,   0.730,9999.000,   1.000,   0.442,   2.172,   0.900,   2.072,   1.100,   2.272
202610091206,   0.731,9999.000,9999.000,9999.000,9999.000,9999.000,9999.000,9999.000,9999.000
202610091212,   0.731,9999.000,9999.000,9999.000,9999.000,9999.000,9999.000,9999.000,9999.000
202610091218,   0.731,9999.000,9999.000,9999.000,9999.000,9999.000,9999.000,9999.000,9999.000
202610091224,   0.732,9999.000,9999.000,9999.000,9999.000,9999.000,9999.000,9999.000,9999.000
202610091230,   0.732,9999.000,9999.000,9999.000,9999.000,9999.000,9999.000,9999.000,9999.000
202610091236,   0.732,9999.000,9999.000,9999.000,9999.000,9999.000,9999.000,9999.000,9999.000
202610091242,   0.732,9999.000,9999.000,9999.000,9999.000,9999.000,9999.000,9999.000,9999.000
202610091248,   0.732,9999.000,9999.000,9999.000,9999.000,9999.000,9999.000,9999.000,9999.000
202610091254,   0.732,9999.000,9999.000,9999.000,9999.000,9999.000,9999.000,9999.000,9999.000
202610091300,   0.732,9999.000,   1.000,   0.442,   2.174,   0.900,   2.074,   1.100,   2.274
202610091306,   0.732,9999.000,9999.000,9999.000,9999.000,9999.000,9999.000,9999.000,9999.000
202610091312,   0.732,9999.000,9999.000,9999.000,9999.000,9999.000,9999.000,9999.000,9999.000
202610091318,   0.732,9999.000,9999.000,9999.000,9999.000,9999.000,9999.000,9999.000,9999.000
202610091324,   0.732,9999.000,9999.000,9999.000,9999.000,9999.000,9999.000,9999.000,9999.000
202610091330,   0.732,9999.000,9999.000,9999.000,9999.000,9999.000,9999.000,9999.000,9999.000
202610091336,   0.732,9999.000,9999.000,9999.000,9999.000,9999.000,9999.000,9999.000,9999.000
202610091342,   0.732,9999.000,9999.000,9999.000,9999.000,9999.000,9999.000,9999.000,9999.000
202610091348,   0.731,9999.000,9999.000,9999.000,9999.000,9999.000,9999.000,9999.000,9999.000
202610091354,   0.731,9999.000,9999.000,9999.000,9999.000,9999.000,9999.000,9999.000,9999.000
202610091400,   0.731,9999.000,   1.000,   0.442,   2.173,   1.000,   2.173,   1.100,   2.273
202610091406,   0.730,9999.000,9999.000,9999.000,9999.000,9999.000,9999.000,9999.000,9999.000
202610091412,   0.730,9999.000,9999.000,9999.000,9999.000,9999.000,9999.000,9999.000,9999.000
202610091418,   0.729,9999.000,9999.000,9999.000,9999.000,9999.000,9999.000,9999.000,9999.000
202610091424,   0.729,9999.000,9999.000,9999.000,9999.000,9999.000,9999.000,9999.000,9999.000
202610091430,   0.728,9999.000,9999.000,9999.000,9999.000,9999.000,9999.000,9999.000,9999.000
202610091436,   0.727,9999.000,9999.000,9999.000,9999.000,9999.000,9999.000,9999.000,9999.000
202610091442,   0.726,9999.000,9999.000,9999.000,9999.000,9999.000,9999.000,9999.000,9999.000
202610091448,   0.725,9999.000,9999.000,9999.000,9999.000,9999.000,9999.000,9999.000,9999.000
202610091454,   0.725,9999.000,9999.000,9999.000,9999.000,9999.000,9999.000,9999.000,9999.000
202610091500,   0.724,9999.000,   1.000,   0.442,   2.166,   1.000,   2.166,   1.100,   2.266
202610091506,   0.723,9999.000,9999.000,9999.000,9999.000,9999.000,9999.000,9999.000,9999.000
202610091512,   0.721,9999.000,9999.000,9999.000,9999.000,9999.000,9999.000,9999.000,9999.000
202610091518,   0.720,9999.000,9999.000,9999.000,9999.000,9999.000,9999.000,9999.000,9999.000
202610091524,   0.719,9999.000,9999.000,9999.000,9999.000,9999.000,9999.000,9999.000,9999.000
202610091530,   0.718,9999.000,9999.000,9999.000,9999.000,9999.000,9999.000,9999.000,9999.000
202610091536,   0.717,9999.000,9999.000,9999.000,9999.000,9999.000,9999.000,9999.000,9999.000
202610091542,   0.716,9999.000,9999.000,9999.000,9999.000,9999.000,9999.000,9999.000,9999.000
202610091548,   0.714,9999.000,9999.000,9999.000,9999.000,9999.000,9999.000,9999.000,9999.000
202610091554,   0.713,9999.000,9999.000,9999.000,9999.000,9999.000,9999.000,9999.000,9999.000
202610091600,   0.712,9999.000,   1.000,   0.442,   2.154,   1.000,   2.154,   1.100,   2.254
202610091606,   0.710,9999.000,9999.000,9999.000,9999.000,9999.000,9999.000,9999.000,9999.000
202610091612,   0.709,9999.000,9999.000,9999.000,9999.000,9999.000,9999.000,9999.000,9999.000
202610091618,   0.708,9999.000,9999.000,9999.000,9999.000,9999.000,9999.000,9999.000,9999.000
202610091624,   0.706,9999.000,9999.000,9999.000,9999.000,9999.000,9999.000,9999.000,9999.000
202610091630,   0.705,9999.000,9999.000,9999.000,9999.000,9999.000,9999.000,9999.000,9999.000
202610091636,   0.704,9999.000,9999.000,9999.000,9999.000,9999.000,9999.000,9999.000,9999.000
202610091642,   0.702,9999.000,9999.000,9999.000,9999.000,9999.000,9999.000,9999.000,9999.000
202610091648,   0.701,9999.000,9999.000,9999.000,9999.000,9999.000,9999.000,9999.000,9999.000
202610091654,   0.700,9999.000,9999.000,9999.000,9999.000,9999.000,9999.000,9999.000,9999.000
202610091700,   0.699,9999.000,   1.100,   0.442,   2.241,   1.000,   2.141,   1.200,   2.341
202610091706,   0.698,9999.000,9999.000,9999.000,9999.000,9999.000,9999.000,9999.000,9999.000
202610091712,   0.697,9999.000,9999.000,9999.000,9999.000,9999.000,9999.000,9999.000,9999.000
202610091718,   0.696,9999.000,9999.000,9999.000,9999.000,9999.000,9999.000,9999.000,9999.000
202610091724,   0.695,9999.000,9999.000,9999.000,9999.000,9999.000,9999.000,9999.000,9999.000
202610091730,   0.694,9999.000,9999.000,9999.000,9999.000,9999.000,9999.000,9999.000,9999.000
202610091736,   0.693,9999.000,9999.000,9999.000,9999.000,9999.000,9999.000,9999.000,9999.000
202610091742,   0.692,9999.000,9999.000,9999.000,9999.000,9999.000,9999.000,9999.000,9999.000
202610091748,   0.692,9999.000,9999.000,9999.000,9999.000,9999.000,9999.000,9999.000,9999.000
202610091754,   0.691,9999.000,9999.000,9999.000,9999.000,9999.000,9999.000,9999.000,9999.000
202610091800,   0.691,9999.000,   1.100,   0.442,   2.233,   1.000,   2.133,   1.200,   2.333
202610091806,   0.691,9999.000,9999.000,9999.000,9999.000,9999.000,9999.000,9999.000,9999.000
202610091812,   0.690,9999.000,9999.000,9999.000,9999.000,9999.000,9999.000,9999.000,9999.000
202610091818,   0.690,9999.000,9999.000,9999.000,9999.000,9999.000,9999.000,9999.000,9999.000
202610091824,   0.690,9999.000,9999.000,9999.000,9999.000,9999.000,9999.000,9999.000,9999.000
202610091830,   0.690,9999.000,9999.000,9999.000,9999.000,9999.000,9999.000,9999.000,9999.000
202610091836,   0.690,9999.000,9999.000,9999.000,9999.000,9999.000,9999.000,9999.000,9999.000
202610091842,   0.690,9999.000,9999.000,9999.000,9999.000,9999.000,9999.000,9999.000,9999.000
202610091848,   0.691,9999.000,9999.000,9999.000,9999.000,9999.000,9999.000,9999.000,9999.000
202610091854,   0.691,9999.000,9999.000,9999.000,9999.000,9999.000,9999.000,9999.000,9999.000
202610091900,   0.691,9999.000,   1.100,   0.442,   2.233,   1.000,   2.133,   1.200,   2.333
202610091906,   0.692,9999.000,9999.000,9999.000,9999.000,9999.000,9999.000,9999.000,9999.000
202610091912,   0.693,9999.000,9999.000,9999.000,9999.000,9999.000,9999.000,9999.000,9999.000
202610091918,   0.693,9999.000,9999.000,9999.000,9999.000,9999.000,9999.000,9999.000,9999.000
202610091924,   0.694,9999.000,9999.000,9999.000,9999.000,9999.000,9999.000,9999.000,9999.000
202610091930,   0.695,9999.000,9999.000,9999.000,9999.000,9999.000,9999.000,9999.000,9999.000
202610091936,   0.696,9999.000,9999.000,9999.000,9999.000,9999.000,9999.000,9999.000,9999.000
202610091942,   0.696,9999.000,9999.000,9999.000,9999.000,9999.000,9999.000,9999.000,9999.000
202610091948,   0.697,9999.000,9999.000,9999.000,9999.000,9999.000,9999.000,9999.000,9999.000
202610091954,   0.698,9999.000,9999.000,9999.000,9999.000,9999.000,9999.000,9999.000,9999.000
202610092000,   0.699,9999.000,   1.100,   0.442,   2.241,   1.000,   2.141,   1.300,   2.441
202610092006,   0.700,9999.000,9999.000,9999.000,9999.000,9999.000,9999.000,9999.000,9999.000
202610092012,   0.701,9999.000,9999.000,9999.000,9999.000,9999.000,9999.000,9999.000,9999.000
202610092018,   0.702,9999.000,9999.000,9999.000,9999.000,9999.000,9999.000,9999.000,9999.000
202610092024,   0.703,9999.000,9999.000,9999.000,9999.000,9999.000,9999.000,9999.000,9999.000
202610092030,   0.704,9999.000,9999.000,9999.000,9999.000,9999.000,9999.000,9999.000,9999.000
202610092036,   0.705,9999.000,9999.000,9999.000,9999.000,9999.000,9999.000,9999.000,9999.000
202610092042,   0.706,9999.000,9999.000,9999.000,9999.000,9999.000,9999.000,9999.000,9999.000
202610092048,   0.707,9999.000,9999.000,9999.000,9999.000,9999.000,9999.000,9999.000,9999.000
202610092054,   0.708,9999.000,9999.000,9999.000,9999.000,9999.000,9999.000,9999.000,9999.000
202610092100,   0.709,9999.000,   1.100,   0.442,   2.251,   1.000,   2.151,   1.300,   2.451
202610092106,   0.710,9999.000,9999.000,9999.000,9999.000,9999.000,9999.000,9999.000,9999.000
202610092112,   0.711,9999.000,9999.000,9999.000,9999.000,9999.000,9999.000,9999.000,9999.000
202610092118,   0.712,9999.000,9999.000,9999.000,9999.000,9999.000,9999.000,9999.000,9999.000
202610092124,   0.713,9999.000,9999.000,9999.000,9999.000,9999.000,9999.000,9999.000,9999.000
202610092130,   0.713,9999.000,9999.000,9999.000,9999.000,9999.000,9999.000,9999.000,9999.000
202610092136,   0.714,9999.000,9999.000,9999.000,9999.000,9999.000,9999.000,9999.000,9999.000
202610092142,   0.715,9999.000,9999.000,9999.000,9999.000,9999.000,9999.000,9999.000,9999.000
202610092148,   0.715,9999.000,9999.000,9999.000,9999.000,9999.000,9999.000,9999.000,9999.000
202610092154,   0.716,9999.000,9999.000,9999.000,9999.000,9999.000,9999.000,9999.000,9999.000
202610092200,   0.716,9999.000,   1.100,   0.442,   2.258,   1.000,   2.158,   1.400,   2.558
202610092206,   0.716,9999.000,9999.000,9999.000,9999.000,9999.000,9999.000,9999.000,9999.000
202610092212,   0.717,9999.000,9999.000,9999.000,9999.000,9999.000,9999.000,9999.000,9999.000
202610092218,   0.717,9999.000,9999.000,9999.000,9999.000,9999.000,9999.000,9999.000,9999.000
202610092224,   0.717,9999.000,9999.000,9999.000,9999.000,9999.000,9999.000,9999.000,9999.000
202610092230,   0.717,9999.000,9999.000,9999.000,9999.000,9999.000,9999.000,9999.000,9999.000
202610092236,   0.717,9999.000,9999.000,9999.000,9999.000,9999.000,9999.000,9999.000,9999.000
202610092242,   0.717,9999.000,9999.000,9999.000,9999.000,9999.000,9999.000,9999.000,9999.000
202610092248,   0.717,9999.000,9999.000,9999.000,9999.000,9999.000,9999.000,9999.000,9999.000
202610092254,   0.717,9999.000,9999.000,9999.000,9999.000,9999.000,9999.000,9999.000,9999.000
202610092300,   0.717,9999.000,   1.200,   0.442,   2.359,   1.000,   2.159,   1.400,   2.559
202610092306,   0.717,9999.000,9999.000,9999.000,9999.000,9999.000,9999.000,9999.000,9999.000
202610092312,   0.717,9999.000,9999.000,9999.000,9999.000,9999.000,9999.000,9999.000,9999.000
202610092318,   0.717,9999.000,9999.000,9999.000,9999.000,9999.000,9999.000,9999.000,9999.000
202610092324,   0.716,9999.000,9999.000,9999.000,9999.000,9999.000,9999.000,9999.000,9999.000
202610092330,   0.716,9999.000,9999.000,9999.000,9999.000,9999.000,9999.000,9999.000,9999.000
202610092336,   0.716,9999.000,9999.000,9999.000,9999.000,9999.000,9999.000,9999.000,9999.000
202610092342,   0.716,9999.000,9999.000,9999.000,9999.000,9999.000,9999.000,9999.000,9999.000
202610092348,   0.715,9999.000,9999.000,9999.000,9999.000,9999.000,9999.000,9999.000,9999.000
202610092354,   0.715,9999.000,9999.000,9999.000,9999.000,9999.000,9999.000,9999.000,9999.000
202610100000,   0.715,9999.000,   1.200,   0.442,   2.357,   1.000,   2.157,   1.400,   2.557
202610100006,   0.714,9999.000,9999.000,9999.000,9999.000,9999.000,9999.000,9999.000,9999.000
202610100012,   0.714,9999.000,9999.000,9999.000,9999.000,9999.000,9999.000,9999.000,9999.000
202610100018,   0.714,9999.000,9999.000,9999.000,9999.000,9999.000,9999.000,9999.000,9999.000
202610100024,   0.714,9999.000,9999.000,9999.000,9999.000,9999.000,9999.000,9999.000,9999.000
202610100030,   0.713,9999.000,9999.000,9999.000,9999.000,9999.000,9999.000,9999.000,9999.000
202610100036,   0.713,9999.000,9999.000,9999.000,9999.000,9999.000,9999.000,9999.000,9999.000
202610100042,   0.713,9999.000,9999.000,9999.000,9999.000,9999.000,9999.000,9999.000,9999.000
202610100048,   0.712,9999.000,9999.000,9999.000,9999.000,9999.000,9999.000,9999.000,9999.000
202610100054,   0.712,9999.000,9999.000,9999.000,9999.000,9999.000,9999.000,9999.000,9999.000
202610100100,   0.712,9999.000,   1.200,   0.442,   2.354,   1.000,   2.154,   1.500,   2.654
202610100106,   0.712,9999.000,9999.000,9999.000,9999.000,9999.000,9999.000,9999.000,9999.000
202610100112,   0.712,9999.000,9999.000,9999.000,9999.000,9999.000,9999.000,9999.000,9999.000
202610100118,   0.711,9999.000,9999.000,9999.000,9999.000,9999.000,9999.000,9999.000,9999.000
202610100124,   0.711,9999.000,9999.000,9999.000,9999.000,9999.000,9999.000,9999.000,9999.000
202610100130,   0.711,9999.000,9999.000,9999.000,9999.000,9999.000,9999.000,9999.000,9999.000
202610100136,   0.711,9999.000,9999.000,9999.000,9999.000,9999.000,9999.000,9999.000,9999.000
202610100142,   0.711,9999.000,9999.000,9999.000,9999.000,9999.000,9999.000,9999.000,9999.000
202610100148,   0.711,9999.000,9999.000,9999.000,9999.000,9999.000,9999.000,9999.000,9999.000
202610100154,   0.711,9999.000,9999.000,9999.000,9999.000,9999.000,9999.000,9999.000,9999.000
202610100200,   0.710,9999.000,   1.300,   0.442,   2.452,   1.000,   2.152,   1.500,   2.652
202610100206,   0.710,9999.000,9999.000,9999.000,9999.000,9999.000,9999.000,9999.000,9999.000
202610100212,   0.710,9999.000,9999.000,9999.000,9999.000,9999.000,9999.000,9999.000,9999.000
202610100218,   0.710,9999.000,9999.000,9999.000,9999.000,9999.000,9999.000,9999.000,9999.000
202610100224,   0.710,9999.000,9999.000,9999.000,9999.000,9999.000,9999.000,9999.000,9999.000
202610100230,   0.710,9999.000,9999.000,9999.000,9999.000,9999.000,9999.000,9999.000,9999.000
202610100236,   0.710,9999.000,9999.000,9999.000,9999.000,9999.000,9999.000,9999.000,9999.000
202610100242,   0.710,9999.000,9999.000,9999.000,9999.000,9999.000,9999.000,9999.000,9999.000
202610100248,   0.710,9999.000,9999.000,9999.000,9999.000,9999.000,9999.000,9999.000,9999.000
202610100254,   0.710,9999.000,9999.000,9999.000,9999.000,9999.000,9999.000,9999.000,9999.000
202610100300,   0.709,9999.000,   1.300,   0.442,   2.451,   1.000,   2.151,   1.600,   2.751
202610100306,   0.709,9999.000,9999.000,9999.000,9999.000,9999.000,9999.000,9999.000,9999.000
202610100312,   0.709,9999.000,9999.000,9999.000,9999.000,9999.000,9999.000,9999.000,9999.000
202610100318,   0.709,9999.000,9999.000,9999.000,9999.000,9999.000,9999.000,9999.000,9999.000
202610100324,   0.709,9999.000,9999.000,9999.000,9999.000,9999.000,9999.000,9999.000,9999.000
202610100330,   0.709,9999.000,9999.000,9999.000,9999.000,9999.000,9999.000,9999.000,9999.000
202610100336,   0.709,9999.000,9999.000,9999.000,9999.000,9999.000,9999.000,9999.000,9999.000
202610100342,   0.708,9999.000,9999.000,9999.000,9999.000,9999.000,9999.000,9999.000,9999.000
202610100348,   0.708,9999.000,9999.000,9999.000,9999.000,9999.000,9999.000,9999.000,9999.000
202610100354,   0.708,9999.000,9999.000,9999.000,9999.000,9999.000,9999.000,9999.000,9999.000
202610100400,   0.708,9999.000,   1.300,   0.442,   2.450,   1.000,   2.150,   1.700,   2.850
202610100406,   0.708,9999.000,9999.000,9999.000,9999.000,9999.000,9999.000,9999.000,9999.000
202610100412,   0.708,9999.000,9999.000,9999.000,9999.000,9999.000,9999.000,9999.000,9999.000
202610100418,   0.708,9999.000,9999.000,9999.000,9999.000,9999.000,9999.000,9999.000,9999.000
202610100424,   0.708,9999.000,9999.000,9999.000,9999.000,9999.000,9999.000,9999.000,9999.000
202610100430,   0.708,9999.000,9999.000,9999.000,9999.000,9999.000,9999.000,9999.000,9999.000
202610100436,   0.707,9999.000,9999.000,9999.000,9999.000,9999.000,9999.000,9999.000,9999.000
202610100442,   0.707,9999.000,9999.000,9999.000,9999.000,9999.000,9999.000,9999.000,9999.000
202610100448,   0.708,9999.000,9999.000,9999.000,9999.000,9999.000,9999.000,9999.000,9999.000
202610100454,   0.708,9999.000,9999.000,9999.000,9999.000,9999.000,9999.000,9999.000,9999.000
202610100500,   0.708,9999.000,   1.300,   0.442,   2.450,   1.100,   2.250,   1.700,   2.850
202610100506,   0.708,9999.000,9999.000,9999.000,9999.000,9999.000,9999.000,9999.000,9999.000
202610100512,   0.708,9999.000,9999.000,9999.000,9999.000,9999.000,9999.000,9999.000,9999.000
202610100518,   0.708,9999.000,9999.000,9999.000,9999.000,9999.000,9999.000,9999.000,9999.000
202610100524,   0.708,9999.000,9999.000,9999.000,9999.000,9999.000,9999.000,9999.000,9999.000
202610100530,   0.709,9999.000,9999.000,9999.000,9999.000,9999.000,9999.000,9999.000,9999.000
202610100536,   0.709,9999.000,9999.000,9999.000,9999.000,9999.000,9999.000,9999.000,9999.000
202610100542,   0.710,9999.000,9999.000,9999.000,9999.000,9999.000,9999.000,9999.000,9999.000
202610100548,   0.710,9999.000,9999.000,9999.000,9999.000,9999.000,9999.000,9999.000,9999.000
202610100554,   0.711,9999.000,9999.000,9999.000,9999.000,9999.000,9999.000,9999.000,9999.000
202610100600,   0.712,9999.000,   1.400,   0.442,   2.554,   1.100,   2.254,   1.800,   2.954
202610100606,   0.712,9999.000,9999.000,9999.000,9999.000,9999.000,9999.000,9999.000,9999.000
202610100612,   0.713,9999.000,9999.000,9999.000,9999.000,9999.000,9999.000,9999.000,9999.000
202610100618,   0.714,9999.000,9999.000,9999.000,9999.000,9999.000,9999.000,9999.000,9999.000
202610100624,   0.715,9999.000,9999.000,9999.000,9999.000,9999.000,9999.000,9999.000,9999.000
202610100630,   0.716,9999.000,9999.000,9999.000,9999.000,9999.000,9999.000,9999.000,9999.000
202610100636,   0.717,9999.000,9999.000,9999.000,9999.000,9999.000,9999.000,9999.000,9999.000
202610100642,   0.718,9999.000,9999.000,9999.000,9999.000,9999.000,9999.000,9999.000,9999.000
202610100648,   0.720,9999.000,9999.000,9999.000,9999.000,9999.000,9999.000,9999.000,9999.000
202610100654,   0.721,9999.000,9999.000,9999.000,9999.000,9999.000,9999.000,9999.000,9999.000
202610100700,   0.723,9999.000,   1.400,   0.442,   2.565,   1.100,   2.265,   1.800,   2.965
202610100706,   0.724,9999.000,9999.000,9999.000,9999.000,9999.000,9999.000,9999.000,9999.000
202610100712,   0.726,9999.000,9999.000,9999.000,9999.000,9999.000,9999.000,9999.000,9999.000
202610100718,   0.727,9999.000,9999.000,9999.000,9999.000,9999.000,9999.000,9999.000,9999.000
202610100724,   0.729,9999.000,9999.000,9999.000,9999.000,9999.000,9999.000,9999.000,9999.000
202610100730,   0.731,9999.000,9999.000,9999.000,9999.000,9999.000,9999.000,9999.000,9999.000
202610100736,   0.732,9999.000,9999.000,9999.000,9999.000,9999.000,9999.000,9999.000,9999.000
202610100742,   0.734,9999.000,9999.000,9999.000,9999.000,9999.000,9999.000,9999.000,9999.000
202610100748,   0.736,9999.000,9999.000,9999.000,9999.000,9999.000,9999.000,9999.000,9999.000
202610100754,   0.738,9999.000,9999.000,9999.000,9999.000,9999.000,9999.000,9999.000,9999.000
202610100800,   0.740,9999.000,   1.400,   0.442,   2.582,   1.100,   2.282,   2.000,   3.182
202610100806,   0.742,9999.000,9999.000,9999.000,9999.000,9999.000,9999.000,9999.000,9999.000
202610100812,   0.744,9999.000,9999.000,9999.000,9999.000,9999.000,9999.000,9999.000,9999.000
202610100818,   0.746,9999.000,9999.000,9999.000,9999.000,9999.000,9999.000,9999.000,9999.000
202610100824,   0.748,9999.000,9999.000,9999.000,9999.000,9999.000,9999.000,9999.000,9999.000
202610100830,   0.750,9999.000,9999.000,9999.000,9999.000,9999.000,9999.000,9999.000,9999.000
202610100836,   0.752,9999.000,9999.000,9999.000,9999.000,9999.000,9999.000,9999.000,9999.000
202610100842,   0.754,9999.000,9999.000,9999.000,9999.000,9999.000,9999.000,9999.000,9999.000
202610100848,   0.756,9999.000,9999.000,9999.000,9999.000,9999.000,9999.000,9999.000,9999.000
202610100854,   0.758,9999.000,9999.000,9999.000,9999.000,9999.000,9999.000,9999.000,9999.000
202610100900,   0.761,9999.000,   1.500,   0.442,   2.703,   1.200,   2.403,   2.100,   3.303
202610100906,   0.763,9999.000,9999.000,9999.000,9999.000,9999.000,9999.000,9999.000,9999.000
202610100912,   0.765,9999.000,9999.000,9999.000,9999.000,9999.000,9999.000,9999.000,9999.000
202610100918,   0.766,9999.000,9999.000,9999.000,9999.000,9999.000,9999.000,9999.000,9999.000
202610100924,   0.768,9999.000,9999.000,9999.000,9999.000,9999.000,9999.000,9999.000,9999.000
202610100930,   0.770,9999.000,9999.000,9999.000,9999.000,9999.000,9999.000,9999.000,9999.000
202610100936,   0.772,9999.000,9999.000,9999.000,9999.000,9999.000,9999.000,9999.000,9999.000
202610100942,   0.774,9999.000,9999.000,9999.000,9999.000,9999.000,9999.000,9999.000,9999.000
202610100948,   0.776,9999.000,9999.000,9999.000,9999.000,9999.000,9999.000,9999.000,9999.000
202610100954,   0.777,9999.000,9999.000,9999.000,9999.000,9999.000,9999.000,9999.000,9999.000
202610101000,   0.779,9999.000,   1.600,   0.442,   2.821,   1.200,   2.421,   2.200,   3.421
202610101006,   0.781,9999.000,9999.000,9999.000,9999.000,9999.000,9999.000,9999.000,9999.000
202610101012,   0.782,9999.000,9999.000,9999.000,9999.000,9999.000,9999.000,9999.000,9999.000
202610101018,   0.784,9999.000,9999.000,9999.000,9999.000,9999.000,9999.000,9999.000,9999.000
202610101024,   0.785,9999.000,9999.000,9999.000,9999.000,9999.000,9999.000,9999.000,9999.000
202610101030,   0.787,9999.000,9999.000,9999.000,9999.000,9999.000,9999.000,9999.000,9999.000
202610101036,   0.788,9999.000,9999.000,9999.000,9999.000,9999.000,9999.000,9999.000,9999.000
202610101042,   0.789,9999.000,9999.000,9999.000,9999.000,9999.000,9999.000,9999.000,9999.000
202610101048,   0.791,9999.000,9999.000,9999.000,9999.000,9999.000,9999.000,9999.000,9999.000
202610101054,   0.792,9999.000,9999.000,9999.000,9999.000,9999.000,9999.000,9999.000,9999.000
202610101100,   0.793,9999.000,   1.600,   0.442,   2.835,   1.200,   2.435,   2.200,   3.435
202610101106,   0.794,9999.000,9999.000,9999.000,9999.000,9999.000,9999.000,9999.000,9999.000
202610101112,   0.795,9999.000,9999.000,9999.000,9999.000,9999.000,9999.000,9999.000,9999.000
202610101118,   0.796,9999.000,9999.000,9999.000,9999.000,9999.000,9999.000,9999.000,9999.000
202610101124,   0.797,9999.000,9999.000,9999.000,9999.000,9999.000,9999.000,9999.000,9999.000
202610101130,   0.798,9999.000,9999.000,9999.000,9999.000,9999.000,9999.000,9999.000,9999.000
202610101136,   0.799,9999.000,9999.000,9999.000,9999.000,9999.000,9999.000,9999.000,9999.000
202610101142,   0.799,9999.000,9999.000,9999.000,9999.000,9999.000,9999.000,9999.000,9999.000
202610101148,   0.800,9999.000,9999.000,9999.000,9999.000,9999.000,9999.000,9999.000,9999.000
202610101154,   0.801,9999.000,9999.000,9999.000,9999.000,9999.000,9999.000,9999.000,9999.000
202610101200,   0.801,9999.000,   1.600,   0.442,   2.843,   1.300,   2.543,   2.200,   3.443
202610101206,   0.802,9999.000,9999.000,9999.000,9999.000,9999.000,9999.000,9999.000,9999.000
202610101212,   0.802,9999.000,9999.000,9999.000,9999.000,9999.000,9999.000,9999.000,9999.000
202610101218,   0.802,9999.000,9999.000,9999.000,9999.000,9999.000,9999.000,9999.000,9999.000
202610101224,   0.803,9999.000,9999.000,9999.000,9999.000,9999.000,9999.000,9999.000,9999.000
202610101230,   0.803,9999.000,9999.000,9999.000,9999.000,9999.000,9999.000,9999.000,9999.000
202610101236,   0.803,9999.000,9999.000,9999.000,9999.000,9999.000,9999.000,9999.000,9999.000
202610101242,   0.803,9999.000,9999.000,9999.000,9999.000,9999.000,9999.000,9999.000,9999.000
202610101248,   0.803,9999.000,9999.000,9999.000,9999.000,9999.000,9999.000,9999.000,9999.000
202610101254,   0.803,9999.000,9999.000,9999.000,9999.000,9999.000,9999.000,9999.000,9999.000
202610101300,   0.803,9999.000,   1.700,   0.442,   2.945,   1.300,   2.545,   2.300,   3.545
202610101306,   0.802,9999.000,9999.000,9999.000,9999.000,9999.000,9999.000,9999.000,9999.000
202610101312,   0.802,9999.000,9999.000,9999.000,9999.000,9999.000,9999.000,9999.000,9999.000
202610101318,   0.802,9999.000,9999.000,9999.000,9999.000,9999.000,9999.000,9999.000,9999.000
202610101324,   0.801,9999.000,9999.000,9999.000,9999.000,9999.000,9999.000,9999.000,9999.000
202610101330,   0.800,9999.000,9999.000,9999.000,9999.000,9999.000,9999.000,9999.000,9999.000
202610101336,   0.800,9999.000,9999.000,9999.000,9999.000,9999.000,9999.000,9999.000,9999.000
202610101342,   0.799,9999.000,9999.000,9999.000,9999.000,9999.000,9999.000,9999.000,9999.000
202610101348,   0.798,9999.000,9999.000,9999.000,9999.000,9999.000,9999.000,9999.000,9999.000
202610101354,   0.797,9999.000,9999.000,9999.000,9999.000,9999.000,9999.000,9999.000,9999.000
202610101400,   0.796,9999.000,   1.700,   0.442,   2.938,   1.300,   2.538,   2.200,   3.438
202610101406,   0.795,9999.000,9999.000,9999.000,9999.000,9999.000,9999.000,9999.000,9999.000
202610101412,   0.793,9999.000,9999.000,9999.000,9999.000,9999.000,9999.000,9999.000,9999.000
202610101418,   0.792,9999.000,9999.000,9999.000,9999.000,9999.000,9999.000,9999.000,9999.000
202610101424,   0.790,9999.000,9999.000,9999.000,9999.000,9999.000,9999.000,9999.000,9999.000
202610101430,   0.789,9999.000,9999.000,9999.000,9999.000,9999.000,9999.000,9999.000,9999.000
202610101436,   0.787,9999.000,9999.000,9999.000,9999.000,9999.000,9999.000,9999.000,9999.000
202610101442,   0.785,9999.000,9999.000,9999.000,9999.000,9999.000,9999.000,9999.000,9999.000
202610101448,   0.783,9999.000,9999.000,9999.000,9999.000,9999.000,9999.000,9999.000,9999.000
202610101454,   0.781,9999.000,9999.000,9999.000,9999.000,9999.000,9999.000,9999.000,9999.000
202610101500,   0.779,9999.000,   1.700,   0.442,   2.921,   1.300,   2.521,   2.100,   3.321
202610101506,   0.777,9999.000,9999.000,9999.000,9999.000,9999.000,9999.000,9999.000,9999.000
202610101512,   0.775,9999.000,9999.000,9999.000,9999.000,9999.000,9999.000,9999.000,9999.000
202610101518,   0.772,9999.000,9999.000,9999.000,9999.000,9999.000,9999.000,9999.000,9999.000
202610101524,   0.770,9999.000,9999.000,9999.000,9999.000,9999.000,9999.000,9999.000,9999.000
202610101530,   0.767,9999.000,9999.000,9999.000,9999.000,9999.000,9999.000,9999.000,9999.000
202610101536,   0.764,9999.000,9999.000,9999.000,9999.000,9999.000,9999.000,9999.000,9999.000
202610101542,   0.762,9999.000,9999.000,9999.000,9999.000,9999.000,9999.000,9999.000,9999.000
202610101548,   0.759,9999.000,9999.000,9999.000,9999.000,9999.000,9999.000,9999.000,9999.000
202610101554,   0.756,9999.000,9999.000,9999.000,9999.000,9999.000,9999.000,9999.000,9999.000
202610101600,   0.753,9999.000,   1.700,   0.442,   2.895,   1.300,   2.495,   2.200,   3.395
202610101606,   0.750,9999.000,9999.000,9999.000,9999.000,9999.000,9999.000,9999.000,9999.000
202610101612,   0.747,9999.000,9999.000,9999.000,9999.000,9999.000,9999.000,9999.000,9999.000
202610101618,   0.744,9999.000,9999.000,9999.000,9999.000,9999.000,9999.000,9999.000,9999.000
202610101624,   0.741,9999.000,9999.000,9999.000,9999.000,9999.000,9999.000,9999.000,9999.000
202610101630,   0.738,9999.000,9999.000,9999.000,9999.000,9999.000,9999.000,9999.000,9999.000
202610101636,   0.734,9999.000,9999.000,9999.000,9999.000,9999.000,9999.000,9999.000,9999.000
202610101642,   0.731,9999.000,9999.000,9999.000,9999.000,9999.000,9999.000,9999.000,9999.000
202610101648,   0.728,9999.000,9999.000,9999.000,9999.000,9999.000,9999.000,9999.000,9999.000
202610101654,   0.725,9999.000,9999.000,9999.000,9999.000,9999.000,9999.000,9999.000,9999.000
202610101700,   0.722,9999.000,   1.700,   0.442,   2.864,   1.300,   2.464,   2.300,   3.464
202610101706,   0.719,9999.000,9999.000,9999.000,9999.000,9999.000,9999.000,9999.000,9999.000
202610101712,   0.716,9999.000,9999.000,9999.000,9999.000,9999.000,9999.000,9999.000,9999.000
202610101718,   0.713,9999.000,9999.000,9999.000,9999.000,9999.000,9999.000,9999.000,9999.000
202610101724,   0.710,9999.000,9999.000,9999.000,9999.000,9999.000,9999.000,9999.000,9999.000
202610101730,   0.707,9999.000,9999.000,9999.000,9999.000,9999.000,9999.000,9999.000,9999.000
202610101736,   0.704,9999.000,9999.000,9999.000,9999.000,9999.000,9999.000,9999.000,9999.000
202610101742,   0.701,9999.000,9999.000,9999.000,9999.000,9999.000,9999.000,9999.000,9999.000
202610101748,   0.698,9999.000,9999.000,9999.000,9999.000,9999.000,9999.000,9999.000,9999.000
202610101754,   0.696,9999.000,9999.000,9999.000,9999.000,9999.000,9999.000,9999.000,9999.000
202610101800,   0.693,9999.000,   1.800,   0.442,   2.935,   1.300,   2.435,   2.300,   3.435
202610101806,   0.691,9999.000,9999.000,9999.000,9999.000,9999.000,9999.000,9999.000,9999.000
202610101812,   0.688,9999.000,9999.000,9999.000,9999.000,9999.000,9999.000,9999.000,9999.000
202610101818,   0.686,9999.000,9999.000,9999.000,9999.000,9999.000,9999.000,9999.000,9999.000
202610101824,   0.684,9999.000,9999.000,9999.000,9999.000,9999.000,9999.000,9999.000,9999.000
202610101830,   0.682,9999.000,9999.000,9999.000,9999.000,9999.000,9999.000,9999.000,9999.000
202610101836,   0.680,9999.000,9999.000,9999.000,9999.000,9999.000,9999.000,9999.000,9999.000
202610101842,   0.678,9999.000,9999.000,9999.000,9999.000,9999.000,9999.000,9999.000,9999.000
202610101848,   0.676,9999.000,9999.000,9999.000,9999.000,9999.000,9999.000,9999.000,9999.000
202610101854,   0.674,9999.000,9999.000,9999.000,9999.000,9999.000,9999.000,9999.000,9999.000
202610101900,   0.673,9999.000,   1.800,   0.442,   2.915,   1.400,   2.515,   2.300,   3.415
202610101906,   0.671,9999.000,9999.000,9999.000,9999.000,9999.000,9999.000,9999.000,9999.000
202610101912,   0.670,9999.000,9999.000,9999.000,9999.000,9999.000,9999.000,9999.000,9999.000
202610101918,   0.668,9999.000,9999.000,9999.000,9999.000,9999.000,9999.000,9999.000,9999.000
202610101924,   0.667,9999.000,9999.000,9999.000,9999.000,9999.000,9999.000,9999.000,9999.000
202610101930,   0.666,9999.000,9999.000,9999.000,9999.000,9999.000,9999.000,9999.000,9999.000
202610101936,   0.665,9999.000,9999.000,9999.000,9999.000,9999.000,9999.000,9999.000,9999.000
202610101942,   0.664,9999.000,9999.000,9999.000,9999.000,9999.000,9999.000,9999.000,9999.000
202610101948,   0.663,9999.000,9999.000,9999.000,9999.000,9999.000,9999.000,9999.000,9999.000
202610101954,   0.662,9999.000,9999.000,9999.000,9999.000,9999.000,9999.000,9999.000,9999.000
202610102000,   0.661,9999.000,   1.800,   0.442,   2.903,   1.400,   2.503,   2.400,   3.503
202610102006,   0.661,9999.000,9999.000,9999.000,9999.000,9999.000,9999.000,9999.000,9999.000
202610102012,   0.660,9999.000,9999.000,9999.000,9999.000,9999.000,9999.000,9999.000,9999.000
202610102018,   0.659,9999.000,9999.000,9999.000,9999.000,9999.000,9999.000,9999.000,9999.000
202610102024,   0.659,9999.000,9999.000,9999.000,9999.000,9999.000,9999.000,9999.000,9999.000
202610102030,   0.658,9999.000,9999.000,9999.000,9999.000,9999.000,9999.000,9999.000,9999.000
202610102036,   0.657,9999.000,9999.000,9999.000,9999.000,9999.000,9999.000,9999.000,9999.000
202610102042,   0.657,9999.000,9999.000,9999.000,9999.000,9999.000,9999.000,9999.000,9999.000
202610102048,   0.656,9999.000,9999.000,9999.000,9999.000,9999.000,9999.000,9999.000,9999.000
202610102054,   0.656,9999.000,9999.000,9999.000,9999.000,9999.000,9999.000,9999.000,9999.000
202610102100,   0.655,9999.000,   1.800,   0.442,   2.897,   1.400,   2.497,   2.400,   3.497
202610102106,   0.655,9999.000,9999.000,9999.000,9999.000,9999.000,9999.000,9999.000,9999.000
202610102112,   0.654,9999.000,9999.000,9999.000,9999.000,9999.000,9999.000,9999.000,9999.000
202610102118,   0.654,9999.000,9999.000,9999.000,9999.000,9999.000,9999.000,9999.000,9999.000
202610102124,   0.653,9999.000,9999.000,9999.000,9999.000,9999.000,9999.000,9999.000,9999.000
202610102130,   0.653,9999.000,9999.000,9999.000,9999.000,9999.000,9999.000,9999.000,9999.000
202610102136,   0.652,9999.000,9999.000,9999.000,9999.000,9999.000,9999.000,9999.000,9999.000
202610102142,   0.652,9999.000,9999.000,9999.000,9999.000,9999.000,9999.000,9999.000,9999.000
202610102148,   0.651,9999.000,9999.000,9999.000,9999.000,9999.000,9999.000,9999.000,9999.000
202610102154,   0.651,9999.000,9999.000,9999.000,9999.000,9999.000,9999.000,9999.000,9999.000
202610102200,   0.650,9999.000,   1.800,   0.442,   2.892,   1.400,   2.492,   2.400,   3.492
202610102206,   0.650,9999.000,9999.000,9999.000,9999.000,9999.000,9999.000,9999.000,9999.000
202610102212,   0.649,9999.000,9999.000,9999.000,9999.000,9999.000,9999.000,9999.000,9999.000
202610102218,   0.649,9999.000,9999.000,9999.000,9999.000,9999.000,9999.000,9999.000,9999.000
202610102224,   0.648,9999.000,9999.000,9999.000,9999.000,9999.000,9999.000,9999.000,9999.000
202610102230,   0.647,9999.000,9999.000,9999.000,9999.000,9999.000,9999.000,9999.000,9999.000
202610102236,   0.647,9999.000,9999.000,9999.000,9999.000,9999.000,9999.000,9999.000,9999.000
202610102242,   0.646,9999.000,9999.000,9999.000,9999.000,9999.000,9999.000,9999.000,9999.000
202610102248,   0.646,9999.000,9999.000,9999.000,9999.000,9999.000,9999.000,9999.000,9999.000
202610102254,   0.645,9999.000,9999.000,9999.000,9999.000,9999.000,9999.000,9999.000,9999.000
202610102300,   0.644,9999.000,   1.800,   0.442,   2.886,   1.400,   2.486,   2.400,   3.486
202610102306,   0.644,9999.000,9999.000,9999.000,9999.000,9999.000,9999.000,9999.000,9999.000
202610102312,   0.643,9999.000,9999.000,9999.000,9999.000,9999.000,9999.000,9999.000,9999.000
202610102318,   0.643,9999.000,9999.000,9999.000,9999.000,9999.000,9999.000,9999.000,9999.000
202610102324,   0.642,9999.000,9999.000,9999.000,9999.000,9999.000,9999.000,9999.000,9999.000
202610102330,   0.642,9999.000,9999.000,9999.000,9999.000,9999.000,9999.000,9999.000,9999.000
202610102336,   0.641,9999.000,9999.000,9999.000,9999.000,9999.000,9999.000,9999.000,9999.000
202610102342,   0.641,9999.000,9999.000,9999.000,9999.000,9999.000,9999.000,9999.000,9999.000
202610102348,   0.640,9999.000,9999.000,9999.000,9999.000,9999.000,9999.000,9999.000,9999.000
202610102354,   0.640,9999.000,9999.000,9999.000,9999.000,9999.000,9999.000,9999.000,9999.000
202610110000,   0.639,9999.000,   1.800,   0.442,   2.881,   1.400,   2.481,   2.500,   3.581
202610110006,   0.639,9999.000,9999.000,9999.000,9999.000,9999.000,9999.000,9999.000,9999.000
202610110012,   0.639,9999.000,9999.000,9999.000,9999.000,9999.000,9999.000,9999.000,9999.000
202610110018,   0.638,9999.000,9999.000,9999.000,9999.000,9999.000,9999.000,9999.000,9999.000
202610110024,   0.638,9999.000,9999.000,9999.000,9999.000,9999.000,9999.000,9999.000,9999.000
202610110030,   0.638,9999.000,9999.000,9999.000,9999.000,9999.000,9999.000,9999.000,9999.000
202610110036,   0.638,9999.000,9999.000,9999.000,9999.000,9999.000,9999.000,9999.000,9999.000
202610110042,   0.638,9999.000,9999.000,9999.000,9999.000,9999.000,9999.000,9999.000,9999.000
202610110048,   0.638,9999.000,9999.000,9999.000,9999.000,9999.000,9999.000,9999.000,9999.000
202610110054,   0.638,9999.000,9999.000,9999.000,9999.000,9999.000,9999.000,9999.000,9999.000
202610110100,   0.638,9999.000,   1.800,   0.442,   2.880,   1.400,   2.480,   2.500,   3.580
202610110106,   0.638,9999.000,9999.000,9999.000,9999.000,9999.000,9999.000,9999.000,9999.000
202610110112,   0.638,9999.000,9999.000,9999.000,9999.000,9999.000,9999.000,9999.000,9999.000
202610110118,   0.639,9999.000,9999.000,9999.000,9999.000,9999.000,9999.000,9999.000,9999.000
202610110124,   0.639,9999.000,9999.000,9999.000,9999.000,9999.000,9999.000,9999.000,9999.000
202610110130,   0.639,9999.000,9999.000,9999.000,9999.000,9999.000,9999.000,9999.000,9999.000
202610110136,   0.640,9999.000,9999.000,9999.000,9999.000,9999.000,9999.000,9999.000,9999.000
202610110142,   0.640,9999.000,9999.000,9999.000,9999.000,9999.000,9999.000,9999.000,9999.000
202610110148,   0.641,9999.000,9999.000,9999.000,9999.000,9999.000,9999.000,9999.000,9999.000
202610110154,   0.641,9999.000,9999.000,9999.000,9999.000,9999.000,9999.000,9999.000,9999.000
202610110200,   0.642,9999.000,   1.900,   0.442,   2.984,   1.500,   2.584,   2.500,   3.584
202610110206,   0.643,9999.000,9999.000,9999.000,9999.000,9999.000,9999.000,9999.000,9999.000
202610110212,   0.643,9999.000,9999.000,9999.000,9999.000,9999.000,9999.000,9999.000,9999.000
202610110218,   0.644,9999.000,9999.000,9999.000,9999.000,9999.000,9999.000,9999.000,9999.000
202610110224,   0.645,9999.000,9999.000,9999.000,9999.000,9999.000,9999.000,9999.000,9999.000
202610110230,   0.645,9999.000,9999.000,9999.000,9999.000,9999.000,9999.000,9999.000,9999.000
202610110236,   0.646,9999.000,9999.000,9999.000,9999.000,9999.000,9999.000,9999.000,9999.000
202610110242,   0.647,9999.000,9999.000,9999.000,9999.000,9999.000,9999.000,9999.000,9999.000
202610110248,   0.648,9999.000,9999.000,9999.000,9999.000,9999.000,9999.000,9999.000,9999.000
202610110254,   0.649,9999.000,9999.000,9999.000,9999.000,9999.000,9999.000,9999.000,9999.000
202610110300,   0.650,9999.000,   1.900,   0.442,   2.992,   1.500,   2.592,   2.500,   3.592
202610110306,   0.651,9999.000,9999.000,9999.000,9999.000,9999.000,9999.000,9999.000,9999.000
202610110312,   0.652,9999.000,9999.000,9999.000,9999.000,9999.000,9999.000,9999.000,9999.000
202610110318,   0.653,9999.000,9999.000,9999.000,9999.000,9999.000,9999.000,9999.000,9999.000
202610110324,   0.654,9999.000,9999.000,9999.000,9999.000,9999.000,9999.000,9999.000,9999.000
202610110330,   0.655,9999.000,9999.000,9999.000,9999.000,9999.000,9999.000,9999.000,9999.000
202610110336,   0.656,9999.000,9999.000,9999.000,9999.000,9999.000,9999.000,9999.000,9999.000
202610110342,   0.657,9999.000,9999.000,9999.000,9999.000,9999.000,9999.000,9999.000,9999.000
202610110348,   0.658,9999.000,9999.000,9999.000,9999.000,9999.000,9999.000,9999.000,9999.000
202610110354,   0.659,9999.000,9999.000,9999.000,9999.000,9999.000,9999.000,9999.000,9999.000
202610110400,   0.661,9999.000,   1.900,   0.442,   3.003,   1.500,   2.603,   2.500,   3.603
202610110406,   0.662,9999.000,9999.000,9999.000,9999.000,9999.000,9999.000,9999.000,9999.000
202610110412,   0.663,9999.000,9999.000,9999.000,9999.000,9999.000,9999.000,9999.000,9999.000
202610110418,   0.665,9999.000,9999.000,9999.000,9999.000,9999.000,9999.000,9999.000,9999.000
202610110424,   0.666,9999.000,9999.000,9999.000,9999.000,9999.000,9999.000,9999.000,9999.000
202610110430,   0.667,9999.000,9999.000,9999.000,9999.000,9999.000,9999.000,9999.000,9999.000
202610110436,   0.669,9999.000,9999.000,9999.000,9999.000,9999.000,9999.000,9999.000,9999.000
202610110442,   0.670,9999.000,9999.000,9999.000,9999.000,9999.000,9999.000,9999.000,9999.000
202610110448,   0.672,9999.000,9999.000,9999.000,9999.000,9999.000,9999.000,9999.000,9999.000
202610110454,   0.673,9999.000,9999.000,9999.000,9999.000,9999.000,9999.000,9999.000,9999.000
202610110500,   0.675,9999.000,   1.900,   0.442,   3.017,   1.500,   2.617,   2.500,   3.617
202610110506,   0.677,9999.000,9999.000,9999.000,9999.000,9999.000,9999.000,9999.000,9999.000
202610110512,   0.678,9999.000,9999.000,9999.000,9999.000,9999.000,9999.000,9999.000,9999.000
202610110518,   0.680,9999.000,9999.000,9999.000,9999.000,9999.000,9999.000,9999.000,9999.000
202610110524,   0.682,9999.000,9999.000,9999.000,9999.000,9999.000,9999.000,9999.000,9999.000
202610110530,   0.684,9999.000,9999.000,9999.000,9999.000,9999.000,9999.000,9999.000,9999.000
202610110536,   0.686,9999.000,9999.000,9999.000,9999.000,9999.000,9999.000,9999.000,9999.000
202610110542,   0.688,9999.000,9999.000,9999.000,9999.000,9999.000,9999.000,9999.000,9999.000
202610110548,   0.690,9999.000,9999.000,9999.000,9999.000,9999.000,9999.000,9999.000,9999.000
202610110554,   0.693,9999.000,9999.000,9999.000,9999.000,9999.000,9999.000,9999.000,9999.000
202610110600,   0.695,9999.000,   1.900,   0.442,   3.037,   1.500,   2.637,   2.500,   3.637
202610110606,   0.697,9999.000,9999.000,9999.000,9999.000,9999.000,9999.000,9999.000,9999.000
202610110612,   0.700,9999.000,9999.000,9999.000,9999.000,9999.000,9999.000,9999.000,9999.000
202610110618,   0.702,9999.000,9999.000,9999.000,9999.000,9999.000,9999.000,9999.000,9999.000
202610110624,   0.705,9999.000,9999.000,9999.000,9999.000,9999.000,9999.000,9999.000,9999.000
202610110630,   0.708,9999.000,9999.000,9999.000,9999.000,9999.000,9999.000,9999.000,9999.000
202610110636,   0.710,9999.000,9999.000,9999.000,9999.000,9999.000,9999.000,9999.000,9999.000
202610110642,   0.713,9999.000,9999.000,9999.000,9999.000,9999.000,9999.000,9999.000,9999.000
202610110648,   0.716,9999.000,9999.000,9999.000,9999.000,9999.000,9999.000,9999.000,9999.000
202610110654,   0.719,9999.000,9999.000,9999.000,9999.000,9999.000,9999.000,9999.000,9999.000
202610110700,   0.722,9999.000,   1.900,   0.442,   3.064,   1.500,   2.664,   2.500,   3.664
202610110706,   0.725,9999.000,9999.000,9999.000,9999.000,9999.000,9999.000,9999.000,9999.000
202610110712,   0.728,9999.000,9999.000,9999.000,9999.000,9999.000,9999.000,9999.000,9999.000
202610110718,   0.731,9999.000,9999.000,9999.000,9999.000,9999.000,9999.000,9999.000,9999.000
202610110724,   0.735,9999.000,9999.000,9999.000,9999.000,9999.000,9999.000,9999.000,9999.000
202610110730,   0.738,9999.000,9999.000,9999.000,9999.000,9999.000,9999.000,9999.000,9999.000
202610110736,   0.741,9999.000,9999.000,9999.000,9999.000,9999.000,9999.000,9999.000,9999.000
202610110742,   0.745,9999.000,9999.000,9999.000,9999.000,9999.000,9999.000,9999.000,9999.000
202610110748,   0.748,9999.000,9999.000,9999.000,9999.000,9999.000,9999.000,9999.000,9999.000
202610110754,   0.751,9999.000,9999.000,9999.000,9999.000,9999.000,9999.000,9999.000,9999.000
202610110800,   0.755,9999.000,   1.900,   0.442,   3.097,   1.500,   2.697,   2.500,   3.697
202610110806,   0.758,9999.000,9999.000,9999.000,9999.000,9999.000,9999.000,9999.000,9999.000
202610110812,   0.762,9999.000,9999.000,9999.000,9999.000,9999.000,9999.000,9999.000,9999.000
202610110818,   0.765,9999.000,9999.000,9999.000,9999.000,9999.000,9999.000,9999.000,9999.000
202610110824,   0.769,9999.000,9999.000,9999.000,9999.000,9999.000,9999.000,9999.000,9999.000
202610110830,   0.772,9999.000,9999.000,9999.000,9999.000,9999.000,9999.000,9999.000,9999.000
202610110836,   0.775,9999.000,9999.000,9999.000,9999.000,9999.000,9999.000,9999.000,9999.000
202610110842,   0.779,9999.000,9999.000,9999.000,9999.000,9999.000,9999.000,9999.000,9999.000
202610110848,   0.782,9999.000,9999.000,9999.000,9999.000,9999.000,9999.000,9999.000,9999.000
202610110854,   0.785,9999.000,9999.000,9999.000,9999.000,9999.000,9999.000,9999.000,9999.000
202610110900,   0.789,9999.000,   1.900,   0.442,   3.131,   1.500,   2.731,   2.500,   3.731
202610110906,   0.792,9999.000,9999.000,9999.000,9999.000,9999.000,9999.000,9999.000,9999.000
202610110912,   0.795,9999.000,9999.000,9999.000,9999.000,9999.000,9999.000,9999.000,9999.000
202610110918,   0.798,9999.000,9999.000,9999.000,9999.000,9999.000,9999.000,9999.000,9999.000
202610110924,   0.801,9999.000,9999.000,9999.000,9999.000,9999.000,9999.000,9999.000,9999.000
202610110930,   0.804,9999.000,9999.000,9999.000,9999.000,9999.000,9999.000,9999.000,9999.000
202610110936,   0.807,9999.000,9999.000,9999.000,9999.000,9999.000,9999.000,9999.000,9999.000
202610110942,   0.810,9999.000,9999.000,9999.000,9999.000,9999.000,9999.000,9999.000,9999.000
202610110948,   0.813,9999.000,9999.000,9999.000,9999.000,9999.000,9999.000,9999.000,9999.000
202610110954,   0.816,9999.000,9999.000,9999.000,9999.000,9999.000,9999.000,9999.000,9999.000
202610111000,   0.819,9999.000,   1.900,   0.442,   3.161,   1.500,   2.761,   2.500,   3.761
202610111006,   0.821,9999.000,9999.000,9999.000,9999.000,9999.000,9999.000,9999.000,9999.000
202610111012,   0.824,9999.000,9999.000,9999.000,9999.000,9999.000,9999.000,9999.000,9999.000
202610111018,   0.826,9999.000,9999.000,9999.000,9999.000,9999.000,9999.000,9999.000,9999.000
202610111024,   0.829,9999.000,9999.000,9999.000,9999.000,9999.000,9999.000,9999.000,9999.000
202610111030,   0.831,9999.000,9999.000,9999.000,9999.000,9999.000,9999.000,9999.000,9999.000
202610111036,   0.833,9999.000,9999.000,9999.000,9999.000,9999.000,9999.000,9999.000,9999.000
202610111042,   0.836,9999.000,9999.000,9999.000,9999.000,9999.000,9999.000,9999.000,9999.000
202610111048,   0.838,9999.000,9999.000,9999.000,9999.000,9999.000,9999.000,9999.000,9999.000
202610111054,   0.840,9999.000,9999.000,9999.000,9999.000,9999.000,9999.000,9999.000,9999.000
202610111100,   0.842,9999.000,   1.900,   0.442,   3.184,   1.500,   2.784,   2.400,   3.684
202610111106,   0.843,9999.000,9999.000,9999.000,9999.000,9999.000,9999.000,9999.000,9999.000
202610111112,   0.845,9999.000,9999.000,9999.000,9999.000,9999.000,9999.000,9999.000,9999.000
202610111118,   0.847,9999.000,9999.000,9999.000,9999.000,9999.000,9999.000,9999.000,9999.000
202610111124,   0.849,9999.000,9999.000,9999.000,9999.000,9999.000,9999.000,9999.000,9999.000
202610111130,   0.850,9999.000,9999.000,9999.000,9999.000,9999.000,9999.000,9999.000,9999.000
202610111136,   0.851,9999.000,9999.000,9999.000,9999.000,9999.000,9999.000,9999.000,9999.000
202610111142,   0.853,9999.000,9999.000,9999.000,9999.000,9999.000,9999.000,9999.000,9999.000
202610111148,   0.854,9999.000,9999.000,9999.000,9999.000,9999.000,9999.000,9999.000,9999.000
202610111154,   0.855,9999.000,9999.000,9999.000,9999.000,9999.000,9999.000,9999.000,9999.000
202610111200,   0.856,9999.000,   1.900,   0.442,   3.198,   1.500,   2.798,   2.400,   3.698
202610111206,   0.857,9999.000,9999.000,9999.000,9999.000,9999.000,9999.000,9999.000,9999.000
202610111212,   0.858,9999.000,9999.000,9999.000,9999.000,9999.000,9999.000,9999.000,9999.000
202610111218,   0.859,9999.000,9999.000,9999.000,9999.000,9999.000,9999.000,9999.000,9999.000
202610111224,   0.860,9999.000,9999.000,9999.000,9999.000,9999.000,9999.000,9999.000,9999.000
202610111230,   0.861,9999.000,9999.000,9999.000,9999.000,9999.000,9999.000,9999.000,9999.000
202610111236,   0.861,9999.000,9999.000,9999.000,9999.000,9999.000,9999.000,9999.000,9999.000
202610111242,   0.862,9999.000,9999.000,9999.000,9999.000,9999.000,9999.000,9999.000,9999.000
202610111248,   0.862,9999.000,9999.000,9999.000,9999.000,9999.000,9999.000,9999.000,9999.000
202610111254,   0.862,9999.000,9999.000,9999.000,9999.000,9999.000,9999.000,9999.000,9999.000
202610111300,   0.862,9999.000,   1.900,   0.442,   3.204,   1.500,   2.804,   2.400,   3.704
202610111306,   0.862,9999.000,9999.000,9999.000,9999.000,9999.000,9999.000,9999.000,9999.000
202610111312,   0.862,9999.000,9999.000,9999.000,9999.000,9999.000,9999.000,9999.000,9999.000
202610111318,   0.862,9999.000,9999.000,9999.000,9999.000,9999.000,9999.000,9999.000,9999.000
202610111324,   0.862,9999.000,9999.000,9999.000,9999.000,9999.000,9999.000,9999.000,9999.000
202610111330,   0.861,9999.000,9999.000,9999.000,9999.000,9999.000,9999.000,9999.000,9999.000
202610111336,   0.860,9999.000,9999.000,9999.000,9999.000,9999.000,9999.000,9999.000,9999.000
202610111342,   0.860,9999.000,9999.000,9999.000,9999.000,9999.000,9999.000,9999.000,9999.000
202610111348,   0.859,9999.000,9999.000,9999.000,9999.000,9999.000,9999.000,9999.000,9999.000
202610111354,   0.858,9999.000,9999.000,9999.000,9999.000,9999.000,9999.000,9999.000,9999.000
202610111400,   0.857,9999.000,   1.900,   0.442,   3.199,   1.500,   2.799,   2.400,   3.699
202610111406,   0.855,9999.000,9999.000,9999.000,9999.000,9999.000,9999.000,9999.000,9999.000
202610111412,   0.854,9999.000,9999.000,9999.000,9999.000,9999.000,9999.000,9999.000,9999.000
202610111418,   0.852,9999.000,9999.000,9999.000,9999.000,9999.000,9999.000,9999.000,9999.000
202610111424,   0.851,9999.000,9999.000,9999.000,9999.000,9999.000,9999.000,9999.000,9999.000
202610111430,   0.849,9999.000,9999.000,9999.000,9999.000,9999.000,9999.000,9999.000,9999.000
202610111436,   0.847,9999.000,9999.000,9999.000,9999.000,9999.000,9999.000,9999.000,9999.000
202610111442,   0.845,9999.000,9999.000,9999.000,9999.000,9999.000,9999.000,9999.000,9999.000
202610111448,   0.842,9999.000,9999.000,9999.000,9999.000,9999.000,9999.000,9999.000,9999.000
202610111454,   0.840,9999.000,9999.000,9999.000,9999.000,9999.000,9999.000,9999.000,9999.000
202610111500,   0.837,9999.000,   1.900,   0.442,   3.179,   1.500,   2.779,   2.400,   3.679
202610111506,   0.835,9999.000,9999.000,9999.000,9999.000,9999.000,9999.000,9999.000,9999.000
202610111512,   0.832,9999.000,9999.000,9999.000,9999.000,9999.000,9999.000,9999.000,9999.000
202610111518,   0.829,9999.000,9999.000,9999.000,9999.000,9999.000,9999.000,9999.000,9999.000
202610111524,   0.825,9999.000,9999.000,9999.000,9999.000,9999.000,9999.000,9999.000,9999.000
202610111530,   0.822,9999.000,9999.000,9999.000,9999.000,9999.000,9999.000,9999.000,9999.000
202610111536,   0.819,9999.000,9999.000,9999.000,9999.000,9999.000,9999.000,9999.000,9999.000
202610111542,   0.815,9999.000,9999.000,9999.000,9999.000,9999.000,9999.000,9999.000,9999.000
202610111548,   0.812,9999.000,9999.000,9999.000,9999.000,9999.000,9999.000,9999.000,9999.000
202610111554,   0.808,9999.000,9999.000,9999.000,9999.000,9999.000,9999.000,9999.000,9999.000
202610111600,   0.804,9999.000,   1.900,   0.442,   3.146,   1.500,   2.746,   2.400,   3.646
202610111606,   0.800,9999.000,9999.000,9999.000,9999.000,9999.000,9999.000,9999.000,9999.000
202610111612,   0.796,9999.000,9999.000,9999.000,9999.000,9999.000,9999.000,9999.000,9999.000
202610111618,   0.792,9999.000,9999.000,9999.000,9999.000,9999.000,9999.000,9999.000,9999.000
202610111624,   0.788,9999.000,9999.000,9999.000,9999.000,9999.000,9999.000,9999.000,9999.000
202610111630,   0.783,9999.000,9999.000,9999.000,9999.000,9999.000,9999.000,9999.000,9999.000
202610111636,   0.779,9999.000,9999.000,9999.000,9999.000,9999.000,9999.000,9999.000,9999.000
202610111642,   0.775,9999.000,9999.000,9999.000,9999.000,9999.000,9999.000,9999.000,9999.000
202610111648,   0.770,9999.000,9999.000,9999.000,9999.000,9999.000,9999.000,9999.000,9999.000
202610111654,   0.766,9999.000,9999.000,9999.000,9999.000,9999.000,9999.000,9999.000,9999.000
202610111700,   0.761,9999.000,   1.900,   0.442,   3.103,   1.500,   2.703,   2.400,   3.603
202610111706,   0.757,9999.000,9999.000,9999.000,9999.000,9999.000,9999.000,9999.000,9999.000
202610111712,   0.752,9999.000,9999.000,9999.000,9999.000,9999.000,9999.000,9999.000,9999.000
202610111718,   0.748,9999.000,9999.000,9999.000,9999.000,9999.000,9999.000,9999.000,9999.000
202610111724,   0.743,9999.000,9999.000,9999.000,9999.000,9999.000,9999.000,9999.000,9999.000
202610111730,   0.739,9999.000,9999.000,9999.000,9999.000,9999.000,9999.000,9999.000,9999.000
202610111736,   0.735,9999.000,9999.000,9999.000,9999.000,9999.000,9999.000,9999.000,9999.000
202610111742,   0.730,9999.000,9999.000,9999.000,9999.000,9999.000,9999.000,9999.000,9999.000
202610111748,   0.726,9999.000,9999.000,9999.000,9999.000,9999.000,9999.000,9999.000,9999.000
202610111754,   0.722,9999.000,9999.000,9999.000,9999.000,9999.000,9999.000,9999.000,9999.000
202610111800,   0.717,9999.000,   1.900,   0.442,   3.059,   1.500,   2.659,   2.400,   3.559
